Compresa,Particella,Numero,Genere,Diametro,Altezza,UTMLon,UTMLat,GaussLon,GaussLat,Lon,Lat,Note
Serra,1,1,Abete Bianco,77,,613626,4270291,,,16.304389,38.573818,
Serra,1,2,Abete Bianco,74,,613660,4270243,,,16.304772,38.573381,
Serra,1,3,Abete Bianco,77,,613666,4270191,,,16.304832,38.572912,
Serra,1,4,Abete Rosso,50,,614277,4267417,,,16.311390,38.547841,
Serra,1,5,Abete Rosso,55,,613656,4270111,,,16.304704,38.572193,
Serra,1,6,Abete Bianco,73,,613614,4270093,,,16.304219,38.572036,
Serra,1,7,Abete Bianco,69,,613693,4270086,,,16.305125,38.571963,
Serra,1,8,Douglas,60,,614321,4267394,,,16.311891,38.547628,
Serra,1,9,Douglas,60,,614361,4267377,,,16.312347,38.547470,
Serra,1,10,Douglas,66,,613689,4270051,,,16.305073,38.571648,
Serra,1,11,Douglas,55,,613601,4270163,,,16.304082,38.572668,
Serra,1,12,Abete Bianco,48,,614384,4267202,,,16.312582,38.545890,
Serra,1,13,Faggio,37,,613522,4270137,,,16.303171,38.572444,
Serra,1,14,Larice,40,,613504,4270177,,,16.302971,38.572807,
Serra,1,15,Larice,43,,613601,4270163,,,16.304082,38.572668,
Serra,2,1,Ciliegio,61,,613020,4269058,,,16.297234,38.562787,
Serra,2,2,Douglas,39,,613039,4269064,,,16.297453,38.562838,
Serra,2,3,Ciliegio,35,,613033,4269140,,,16.297397,38.563524,
Serra,2,4,Faggio,62,,613042,4269157,,,16.297503,38.563676,
Serra,2,5,Ciliegio,46,,613033,4269128,,,16.297395,38.563416,
Serra,2,6,Faggio,34,,612941,4268886,,,16.296300,38.561247,
Serra,3,1,Faggio,36,,613106,4269786,,,16.298339,38.569335,
Serra,3,2,Faggio,35,,613083,4269798,,,16.298077,38.569446,
Serra,3,3,Faggio,32,,613057,4269814,,,16.297782,38.569593,
Serra,3,4,Faggio,37,,613023,4269853,,,16.297398,38.569949,
Serra,3,5,Faggio,33,,612991,4269870,,,16.297033,38.570106,
Serra,3,6,Faggio,38,,612951,4269884,,,16.296576,38.570237,
Serra,3,7,Faggio,47,,612931,4269887,,,16.296347,38.570267,
Serra,3,8,Faggio,28,,612906,4269885,,,16.296060,38.570252,
Serra,3,9,Pino Laricio,44,,612849,4269877,,,16.295405,38.570187,
Serra,3,10,Faggio,34,,612818,4269875,,,16.295049,38.570173,
Serra,3,11,Faggio,38,,612787,4269886,,,16.294695,38.570276,
Serra,3,12,Pino Laricio,47,,611778,4269918,,,16.283120,38.570692,
Serra,3,13,Pino Laricio,52,,612706,4249913,,,16.290552,38.390332,
Serra,3,14,Faggio,33,,612609,4269904,,,16.292655,38.570461,
Serra,3,15,Faggio,30,,612614,4269824,,,16.292699,38.569740,
Serra,3,16,Faggio,42,,612623,4269721,,,16.292786,38.568810,
Serra,3,17,Abete Bianco,61,,612623,4269716,,,16.292785,38.568765,
Serra,3,18,Faggio,33,,612635,4269716,,,16.292923,38.568764,
Serra,3,19,Faggio,41,,612635,4269716,,,16.292923,38.568764,
Serra,3,20,Faggio,48,,612640,4226717,,,16.286103,38.181341,
Serra,3,21,Douglas,76,,612635,4269716,,,16.292923,38.568764,
Serra,3,22,Pino Laricio,53,,612643,4269717,,,16.293015,38.568772,
Serra,3,23,Pino Laricio,44,,612651,4269716,,,16.293106,38.568762,
Serra,3,24,Faggio,32,,612681,4269675,,,16.293444,38.568389,
Serra,3,25,Douglas,44,,612720,4269651,,,16.293888,38.568167,
Serra,3,26,Douglas,57,,612745,4269650,,,16.294174,38.568155,
Serra,3,27,Faggio,31,,612815,4269658,,,16.294979,38.568218,
Serra,3,28,Faggio,33,,612842,4269680,,,16.295292,38.568413,
Serra,3,29,Faggio,44,,612868,4269670,,,16.295589,38.568320,
Serra,3,30,Douglas,38,,612878,4269667,,,16.295704,38.568291,
Serra,3,31,Douglas,52,,612878,4269641,,,16.295699,38.568057,
Serra,3,32,Faggio,49,,612941,4269641,,,16.296422,38.568049,
Serra,3,33,Faggio,52,,612952,4269625,,,16.296546,38.567904,
Serra,3,34,Faggio,34,,612964,4269654,,,16.296688,38.568163,
Serra,3,35,Douglas,35,,613008,4266742,,,16.296722,38.541922,
Serra,3,36,Faggio,36,,613010,4269742,,,16.297231,38.568950,
Serra,3,37,Castagno,56,,613012,4269741,,,16.297253,38.568941,
Serra,3,38,Faggio,36,,613023,4269655,,,16.297366,38.568165,
Serra,4,1,Douglas,50,30,612493,4269143,,,16.291201,38.563619,
Serra,4,2,Douglas,53,32,612484,4269152,,,16.291099,38.563701,
Serra,4,3,Abete Bianco,42,29,612483,4269158,,,16.291088,38.563756,
Serra,4,4,Faggio,48,28,612530,4269226,,,16.291639,38.564362,
Serra,4,5,Douglas,53,31,612525,4269236,,,16.291583,38.564453,
Serra,4,6,Douglas,40,29,612508,4269242,,,16.291389,38.564509,
Serra,4,7,Pino Laricio,43,25,612468,4269275,,,16.290935,38.564812,
Serra,4,8,Douglas,38,29,612470,4269300,,,16.290962,38.565037,
Serra,4,9,Abete Bianco,55,28,612468,4269321,,,16.290943,38.565226,
Serra,4,10,Abete Bianco,56,30,612484,4269343,,,16.291130,38.565422,
Serra,4,11,Abete Bianco,46,29,612497,4269356,,,16.291281,38.565538,
Serra,4,12,Faggio,36,23,612568,4269401,,,16.292103,38.565934,
Serra,4,13,Douglas,59,36,612610,4269388,,,16.292583,38.565812,
Serra,4,14,Tasso,33,13,612640,4269360,,,16.292923,38.565556,
Serra,4,15,Douglas,47,35,612651,4269357,,,16.293048,38.565527,
Serra,4,16,Abete Bianco,59,28,612662,4269349,,,16.293173,38.565454,
Serra,4,17,Faggio,32,19,612719,4269362,,,16.293830,38.565564,
Serra,4,18,Pino Laricio,50,23,612722,4269365,,,16.293864,38.565590,
Serra,4,19,Faggio,44,26,612708,4269395,,,16.293709,38.565862,
Serra,4,20,Pino Laricio,50,28,612711,4269408,,,16.293745,38.565979,
Serra,4,21,Douglas,39,32,612716,4269420,,,16.293804,38.566087,
Serra,4,22,Faggio,42,26,612802,4269472,,,16.294800,38.566544,
Serra,4,23,Faggio,28,23,612813,4269474,,,16.294926,38.566561,
Serra,4,24,Abete Bianco,53,29,612819,4269457,,,16.294992,38.566407,
Serra,4,25,Douglas,67,35,612875,4269432,,,16.295631,38.566175,
Serra,4,26,Faggio,44,27,612962,4269435,,,16.296630,38.566191,
Serra,5,1,Abete Bianco,97,,613064,4266610,,,16.297343,38.540725,
Serra,5,2,Douglas,58,,613072,4269575,,,16.297915,38.567438,
Serra,5,3,Abete Bianco,79,,613100,4266554,,,16.297747,38.540216,
Serra,5,4,Faggio,51,,613138,4269559,,,16.298670,38.567285,
Serra,5,5,Abete Bianco,59,,613435,4269380,,,16.302049,38.565635,
Serra,5,6,Abete Bianco,71,,613384,4269420,,,16.301470,38.566002,
Serra,5,7,Abete Bianco,45,,614097,4267628,,,16.309359,38.549765,
Serra,5,8,Abete Bianco,53,,614021,4267642,,,16.308490,38.549901,
Serra,5,9,Douglas,37,,614045,4267589,,,16.308756,38.549420,
Serra,5,10,Abete Bianco,30,,614083,4267561,,,16.309188,38.549163,
Serra,5,11,Faggio,50,,614107,4267507,,,16.309454,38.548674,
Serra,5,12,Abete Bianco,37,,614021,4267535,,,16.308472,38.548937,
Serra,5,13,Castagno,43,,613970,4267594,,,16.307897,38.549475,
Serra,5,14,Abete Bianco,47,,614045,4267482,,,16.308739,38.548456,
Serra,5,15,Abete Bianco,37,,613839,4267530,,,16.306383,38.548915,
Serra,5,16,Faggio,54,,613910,4267533,,,16.307198,38.548933,
Serra,5,17,Abete Bianco,54,,613955,4267519,,,16.307712,38.548801,
Serra,5,18,Abete Bianco ,41,,613979,4267465,,,16.307979,38.548312,
Serra,5,19,Abete Bianco,68,,613934,4267479,,,16.307465,38.548444,
Serra,5,20,Abete Bianco,57,,613863,4267476,,,16.306650,38.548426,
Serra,5,21,Faggio,44,,613799,4267465,,,16.305914,38.548335,
Serra,5,22,Faggio,46,,613823,4267412,,,16.306181,38.547854,
Serra,5,23,Faggio,50,,613754,4267398,,,16.305387,38.547737,
Serra,5,24,Faggio,50,,613778,4267344,,,16.305653,38.547247,
Serra,5,25,Abete Bianco,62,,613740,4267310,,,16.305212,38.546946,
Serra,5,26,Castagno,37,,613764,4267257,,,16.305478,38.546465,
Serra,5,27,Faggio,51,,613711,4267261,,,16.304871,38.546508,
Serra,5,28,Faggio,47,,613735,4267208,,,16.305138,38.546027,
Serra,5,29,Abete Bianco,58,,613674,4267202,,,16.304437,38.545981,
Serra,5,30,Abete Bianco,55,,613650,4267256,,,16.304170,38.546471,
Serra,5,31,Faggio,59,,613614,4267194,,,16.303747,38.545917,
Serra,5,32,Abete Bianco,57,,613590,4267247,,,16.303481,38.546397,
Serra,5,33,Faggio,54,,613529,4267246,,,16.302781,38.546396,
Serra,5,34,Abete Bianco,70,,613505,4267299,,,16.302514,38.546877,
Serra,5,35,Abete Bianco,48,,613453,4267318,,,16.301920,38.547054,
Serra,5,36,Abete Bianco,57,,613376,4267354,,,16.301043,38.547389,
Serra,5,37,Castagno,40,,613289,4267392,,,16.300051,38.547742,
Serra,5,38,Faggio,47,,613214,4267422,,,16.299195,38.548022,
Serra,5,39,Abete Bianco,37,,613631,4267342,,,16.303966,38.547248,
Serra,5,40,Faggio,62,,613663,4267390,,,16.304341,38.547676,
Serra,5,41,Abete Bianco,57,,613700,4267435,,,16.304773,38.548077,
Serra,5,42,Abete Bianco,58,,613732,4267484,,,16.305148,38.548514,
Serra,6,1,Abete Bianco,43,,612500,4269098,,,16.291274,38.563213,
Serra,6,2,Abete Bianco,40,,612507,4269090,,,16.291353,38.563140,
Serra,6,3,Abete Bianco,49,,612511,4269086,,,16.291398,38.563103,
Serra,6,4,Abete Bianco,52,,612527,4269075,,,16.291580,38.563002,
Serra,6,5,Castagno,30,,612600,4269035,,,16.292411,38.562633,
Serra,6,6,Douglas,62,,612604,4269034,,,16.292457,38.562623,
Serra,6,7,Douglas,38,,612649,4269028,,,16.292972,38.562563,
Serra,6,8,Pino Laricio,41,,612652,4269029,,,16.293007,38.562572,
Serra,6,9,Pino Laricio,48,,612652,4269036,,,16.293008,38.562635,
Serra,6,10,Castagno,25,,612666,4269044,,,16.293170,38.562705,
Serra,6,11,Castagno,33,,600724,4269149,,,16.156143,38.565085,
Serra,6,12,Douglas,53,,612776,4269230,,,16.294462,38.564367,
Serra,6,13,Castagno,25,,612800,4269217,,,16.294736,38.564247,
Serra,6,14,Ontano,43,,612818,4269217,,,16.294942,38.564245,
Serra,6,15,Abete Bianco,40,,612836,4269206,,,16.295147,38.564143,
Serra,6,16,Abete Bianco,33,,612839,4269204,,,16.295181,38.564125,
Serra,6,17,Douglas,57,,612853,4269195,,,16.295340,38.564042,
Serra,6,18,Castagno ,30,,612907,4269123,,,16.295948,38.563387,
Serra,6,19,Pino Laricio,68,,612899,4269074,,,16.295849,38.562946,
Serra,6,21,Abete Bianco,48,,613799,4267465,,,16.305914,38.548335,
Serra,6,21,Douglas,44,,600852,4269024,,,16.157594,38.563944,
Serra,7,1,Pino Laricio,56,,612120,4268462,,,16.286811,38.557531,
Serra,7,2,Pino Laricio,52,,612121,4268481,,,16.286826,38.557702,
Serra,7,3,Faggio,30,,612170,4268509,,,16.287392,38.557948,
Serra,7,4,Abete Bianco,42,,612207,4268536,,,16.287821,38.558186,
Serra,7,5,Faggio,32,,612242,4268543,,,16.288224,38.558245,
Serra,7,6,Faggio,44,,612243,4268545,,,16.288236,38.558263,
Serra,7,7,Faggio,31,,612266,4268590,,,16.288507,38.558666,
Serra,7,8,Faggio,36,,612294,4268648,,,16.288837,38.559185,
Serra,7,9,Abete Bianco,31,,612295,4268654,,,16.288850,38.559238,
Serra,7,10,Abete Bianco,53,,612299,4268692,,,16.288902,38.559580,
Serra,7,11,Faggio,28,,612301,4268694,,,16.288925,38.559598,
Serra,7,12,Abete Bianco,42,,612304,4268703,,,16.288961,38.559679,
Serra,7,13,Abete Bianco,40,,612306,4268711,,,16.288985,38.559751,
Serra,7,14,Pino Laricio,47,,612290,4268692,,,16.288799,38.559581,
Serra,7,15,Faggio,38,,612259,4268652,,,16.288437,38.559225,
Serra,7,16,Pino Laricio,52,,612255,4268642,,,16.288389,38.559135,
Serra,7,17,Pino Laricio,58,,612228,4268642,,,16.288079,38.559139,
Serra,7,18,Pino Laricio,49,,612227,4268641,,,16.288068,38.559130,
Serra,7,19,Castagno,27,,612223,4268636,,,16.288021,38.559085,
Serra,7,20,Pino Laricio,53,,612197,4268638,,,16.287723,38.559107,
Serra,7,21,Pino Laricio,52,,612197,4268648,,,16.287724,38.559197,
Serra,7,22,Faggio,36,,612199,4268668,,,16.287751,38.559377,
Serra,7,23,Faggio,30,,612197,4268680,,,16.287730,38.559485,
Serra,7,24,Ciliegio,22,,612186,4268702,,,16.287607,38.559685,
Serra,7,25,Pino Laricio,44,,612176,4268708,,,16.287493,38.559740,
Serra,7,26,Pino Laricio,42,,612171,4268711,,,16.287436,38.559768,
Serra,7,27,Pino Laricio,36,,612142,4268708,,,16.287103,38.559744,
Serra,7,28,Abete Bianco,33,,612067,4268768,,,16.286252,38.560294,
Serra,7,29,Faggio,44,,612068,4268775,,,16.286265,38.560357,
Serra,7,30,Abete Bianco,40,,612075,4268795,,,16.286348,38.560537,
Serra,7,31,Abete Bianco,38,,612085,4268809,,,16.286465,38.560662,
Serra,7,32,Abete Bianco,41,,612086,4268841,,,16.286482,38.560950,
Serra,7,33,Faggio,30,,612105,4268885,,,16.286707,38.561344,
Serra,7,34,Abete Bianco,35,,612133,4268894,,,16.287030,38.561421,
Serra,7,35,Abete Bianco,33,,612151,4268904,,,16.287238,38.561509,
Serra,7,36,Faggio,32,,612248,4268901,,,16.288350,38.561470,
Serra,7,37,Castagno,37,,612282,4268993,,,16.288755,38.562294,
Serra,7,38,Faggio,32,,623325,4269021,,,16.415476,38.561083,
Serra,7,39,Faggio,37,,612365,4269037,,,16.289715,38.562680,
Serra,7,40,Faggio,32,,612367,4269052,,,16.289740,38.562815,
Serra,7,41,Abete Bianco,44,,612366,4269128,,,16.289741,38.563500,
Serra,7,42,Castagno,47,,612368,4269160,,,16.289769,38.563788,
Serra,7,43,Douglas,70,,612370,4269199,,,16.289798,38.564139,
Serra,7,44,Douglas,52,,612348,4269230,,,16.289551,38.564421,
Serra,7,45,Faggio,24,,612331,4269254,,,16.289360,38.564640,
Serra,7,46,Pino Laricio,34,,612266,4269268,,,16.288616,38.564774,
Serra,8,1,Abete Bianco,57,,612327,4268433,,,16.289182,38.557243,
Serra,8,2,Abete Bianco,40,,612621,4268814,,,16.292616,38.560639,
Serra,8,3,Abete Bianco,47,,612373,4268625,,,16.289740,38.558967,
Serra,8,4,Abete Rosso,37,,612219,4268290,,,16.287919,38.555969,
Serra,8,5,Abete Rosso,62,,612207,4268340,,,16.287790,38.556421,
Serra,8,6,Abete Bianco,57,,612203,4268392,,,16.287752,38.556890,
Serra,8,7,Abete Bianco,48,,612249,4268383,,,16.288278,38.556803,
Serra,8,8,Abete Bianco,37,,612257,4268311,,,16.288359,38.556153,
Serra,8,9,Abete Bianco,40,,612361,4268277,,,16.289547,38.555833,
Serra,8,10,Abete Bianco,43,,612395,4268321,,,16.289944,38.556226,
Serra,8,11,Pioppo Tremulo,58,,613411,4269202,,,16.301745,38.564034,
Serra,8,12,Pioppo Tremulo,48,,613384,4269202,,,16.301435,38.564038,
Serra,8,13,Faggio,37,,613489,4269248,,,16.302647,38.564439,
Serra,8,14,Faggio,40,,613529,4269232,,,16.303104,38.564289,
Serra,8,15,Faggio,43,,612473,4268460,,,16.290861,38.557468,
Serra,8,16,Abete Bianco,58,,612433,4268472,,,16.290404,38.557581,
Serra,8,17,Abete Bianco,43,,613354,4269112,,,16.301076,38.563231,
Serra,8,18,Abete Bianco,63,,612363,4268563,,,16.289616,38.558410,
Serra,8,19,Abete Bianco,58,,612373,4268596,,,16.289736,38.558706,
Serra,8,20,Abete Bianco,45,,612375,4268649,,,16.289767,38.559183,
Serra,8,21,Abete Bianco,57,,612427,4268681,,,16.290369,38.559465,
Serra,8,22,Abete Bianco,64,,612468,4268593,,,16.290825,38.558667,
Serra,8,23,Abete Bianco,34,,613318,4268986,,,16.300642,38.562100,
Serra,8,24,Abete Bianco,45,,613335,4268960,,,16.300833,38.561863,
Serra,8,25,Abete Bianco,55,,613287,4269003,,,16.300289,38.562257,
Serra,8,26,Abete Bianco,50,,612467,4268625,,,16.290819,38.558955,
Serra,8,27,Castagno,32,,612543,4268554,,,16.291680,38.558306,
Serra,8,28,Abete Bianco,49,,613269,4269136,,,16.300104,38.563458,
Serra,8,29,Abete Bianco,45,,613227,4269139,,,16.299623,38.563490,
Serra,8,30,Abete Bianco,44,,613186,4269100,,,16.299146,38.563144,
Serra,8,31,Abete Bianco,62,,612562,4268582,,,16.291902,38.558556,
Serra,8,32,Abete Bianco,52,,612596,4268567,,,16.292290,38.558417,
Serra,8,33,Abete Bianco,50,,612694,4268564,,,16.293414,38.558377,
Serra,8,34,Abete Bianco,53,,612806,4268596,,,16.294704,38.558651,
Serra,8,35,Abete Bianco,42,,612741,4268640,,,16.293965,38.559056,
Serra,8,36,Abete Bianco,48,,612802,4268689,,,16.294673,38.559490,
Serra,8,37,Abete Bianco,53,,612827,4268738,,,16.294968,38.559928,
Serra,8,38,Abete Rosso,40,,612867,4268758,,,16.295430,38.560103,
Serra,8,39,Faggio,56,,613196,4268819,,,16.299215,38.560611,
Serra,8,40,Abete Bianco,38,,613199,4268766,,,16.299241,38.560133,
Serra,8,41,Abete Bianco,54,,613178,4268711,,,16.298991,38.559640,
Serra,8,42,Abete Bianco,58,,612892,4268807,,,16.295725,38.560541,
Serra,8,43,Abete Bianco,43,,613168,4268663,,,16.298869,38.559209,
Serra,8,44,Abete Rosso,34,,612815,4268801,,,16.294841,38.560497,
Serra,8,45,Douglas,58,,612800,4268848,,,16.294676,38.560922,
Serra,8,46,Abete Bianco,57,,613071,4268600,,,16.297745,38.558654,
Serra,8,47,Castagno,38,,613055,4268555,,,16.297555,38.558250,
Serra,8,48,Abete Bianco,58,,612862,4268838,,,16.295386,38.560824,
Serra,8,49,Abete Bianco,47,,612810,4268882,,,16.294796,38.561227,
Serra,8,50,Faggio,37,,612932,4268557,,,16.296144,38.558284,
Serra,8,51,Faggio,35,,612550,4268879,,,16.291812,38.561233,
Serra,8,52,Abete Bianco,50,,612988,4268622,,,16.296797,38.558862,
Serra,8,53,Castagno,26,,612532,4268720,,,16.291580,38.559803,
Serra,8,54,Abete Bianco,56,,612569,4268714,,,16.292004,38.559744,
Serra,8,55,Abete Bianco,38,,613149,4268849,,,16.298681,38.560887,
Serra,8,56,Abete Bianco,51,,612621,4268617,,,16.292585,38.558864,
Serra,8,57,Abete Bianco,55,,613106,4268894,,,16.298195,38.561298,
Serra,8,58,Abete Bianco,53,,613140,4268912,,,16.298588,38.561456,
Serra,8,59,Abete Bianco,37,,612569,4268714,,,16.292004,38.559744,
Serra,8,60,Abete Bianco,49,,612840,4268850,,,16.295135,38.560935,
Serra,8,61,Abete Bianco,48,,613217,4268898,,,16.299469,38.561320,
Serra,8,62,Abete Bianco,50,,612797,4268770,,,16.294629,38.560220,
Serra,8,63,Abete Bianco,47,,612787,4268736,,,16.294509,38.559915,
Serra,9,1,Abete Bianco,62,,613449,4268984,,,16.302145,38.562065,
Serra,9,2,Abete Bianco,57,,613493,4269028,,,16.302657,38.562456,
Serra,9,3,Abete Bianco,64,,613546,4269026,,,16.303265,38.562431,
Serra,9,4,Abete Rosso,50,,613550,4269073,,,16.303319,38.562854,
Serra,9,5,Abete Rosso,32,,613588,4269167,,,16.303770,38.563696,
Serra,9,6,Abete Bianco,52,,613471,4269103,,,16.302417,38.563134,
Serra,9,7,Abete Bianco,49,,613494,4269169,,,16.302692,38.563726,
Serra,9,8,Abete Bianco,60,,613535,4269186,,,16.303165,38.563874,
Serra,9,9,Abete Bianco,45,,613492,4269214,,,16.302676,38.564132,
Serra,9,10,Abete Bianco,66,,613444,4269179,,,16.302120,38.563823,
Serra,9,11,Pioppo Tremulo,55,,613411,4269202,,,16.301745,38.564034,
Serra,9,12,Pioppo Tremulo,48,,613384,4269202,,,16.301435,38.564038,
Serra,9,13,Faggio,37,,613489,4269248,,,16.302647,38.564439,
Serra,9,14,Faggio,40,,613529,4269232,,,16.303104,38.564289,
Serra,9,15,Faggio,43,,613317,4269145,,,16.300657,38.563533,
Serra,9,16,Abete Bianco,58,,613388,4269146,,,16.301472,38.563532,
Serra,9,17,Abete Bianco,43,,613354,4269112,,,16.301076,38.563231,
Serra,9,18,Abete Bianco,63,,613345,4269076,,,16.300967,38.562907,
Serra,9,19,Abete Bianco,62,,613449,4269053,,,16.302157,38.562687,
Serra,9,20,Abete Bianco,67,,613401,4269023,,,16.301601,38.562423,
Serra,9,21,Abete Bianco,57,,613361,4269020,,,16.301141,38.562401,
Serra,9,22,Abete Bianco,65,,613390,4268980,,,16.301468,38.562037,
Serra,9,23,Abete Bianco,39,,613318,4268986,,,16.300642,38.562100,
Serra,9,24,Abete Bianco,45,,613335,4268960,,,16.300833,38.561863,
Serra,9,25,Abete Bianco,55,,613287,4269003,,,16.300289,38.562257,
Serra,9,26,Abete Bianco,50,,613274,4269052,,,16.300148,38.562700,
Serra,9,27,Castagno,32,,613220,4268969,,,16.299515,38.561959,
Serra,9,28,Abete Bianco,49,,613269,4269136,,,16.300104,38.563458,
Serra,9,29,Abete Bianco,58,,613227,4269139,,,16.299623,38.563490,
Serra,9,30,Abete Bianco,58,,613186,4269100,,,16.299146,38.563144,
Serra,9,31,Abete Bianco,52,,613255,4269090,,,16.299936,38.563045,
Serra,9,32,Abete Bianco,57,,613176,4269073,,,16.299027,38.562902,
Serra,9,33,Abete Bianco,54,,0,0,,,10.511256,0.000000,Mancano dati
Serra,9,34,Abete Bianco,70,,613129,4268981,,,16.298473,38.562079,
Serra,9,35,Abete Bianco,48,,613138,4269007,,,16.298580,38.562312,
Serra,9,36,Abete Bianco,57,,613166,4269040,,,16.298907,38.562606,
Serra,9,37,Abete Bianco,40,,613164,4269012,,,16.298879,38.562354,
Serra,9,38,Abete Rosso,47,,613220,4269064,,,16.299530,38.562815,
Serra,9,39,Faggio,37,,613196,4268819,,,16.299215,38.560611,
Serra,9,40,Abete Bianco,62,,613199,4268766,,,16.299241,38.560133,
Serra,9,41,Abete Bianco,57,,613178,4268711,,,16.298991,38.559640,
Serra,9,42,Abete Bianco,58,,613134,4268706,,,16.298486,38.559601,
Serra,9,43,Abete Bianco,43,,613168,4268663,,,16.298869,38.559209,
Serra,9,44,Abete Rosso,34,,613128,4268630,,,16.298404,38.558917,
Serra,9,45,Douglas,58,,613105,4268575,,,16.298132,38.558424,
Serra,9,46,Abete Bianco,57,,613071,4268600,,,16.297745,38.558654,
Serra,9,47,Castagno,38,,613055,4268555,,,16.297555,38.558250,
Serra,9,48,Abete Bianco,58,,613009,4268570,,,16.297029,38.558391,
Serra,9,49,Abete Bianco,47,,612997,4268532,,,16.296885,38.558050,
Serra,9,50,Faggio,37,,612932,4268557,,,16.296144,38.558284,
Serra,9,51,Faggio,35,,612935,4268600,,,16.296185,38.558671,
Serra,9,52,Abete Bianco,50,,612988,4268622,,,16.296797,38.558862,
Serra,9,53,Castagno,26,,613055,4268741,,,16.297585,38.559926,
Serra,9,54,Abete Bianco,56,,613068,4268785,,,16.297741,38.560321,
Serra,9,55,Abete Bianco,38,,613149,4268849,,,16.298681,38.560887,
Serra,9,56,Abete Bianco,54,,613108,4268853,,,16.298211,38.560928,
Serra,9,57,Abete Bianco,57,,613106,4268894,,,16.298195,38.561298,
Serra,9,58,Abete Bianco,58,,613140,4268912,,,16.298588,38.561456,
Serra,9,59,Abete Bianco,34,,613139,4268878,,,16.298571,38.561150,
Serra,9,60,Abete Bianco,58,,613214,4268931,,,16.299440,38.561618,
Serra,9,61,Abete Bianco,52,,613217,4268898,,,16.299469,38.561320,
Serra,9,62,Abete Bianco,40,,613246,4268915,,,16.299805,38.561469,
Serra,9,63,Abete Bianco,36,,613282,4268924,,,16.300219,38.561546,
Serra,11,1,Abete Bianco,52,,613893,4268559,,,16.307171,38.558179,
Serra,11,2,Betulla Bianca,24,,613974,4268405,,,16.308075,38.556781,
Serra,11,3,Castagno,28,,613990,4268418,,,16.308261,38.556896,
Serra,11,4,Abete Bianco,45,,614004,4268501,,,16.308435,38.557642,
Serra,11,5,Castagno,32,,614004,4268526,,,16.308439,38.557868,
Serra,11,6,Abete Bianco,40,,614029,4268640,,,16.308745,38.558892,
Serra,11,7,Abete Bianco,69,,613706,4268591,,,16.305030,38.558491,
Serra,11,8,Douglas,60,,613655,4268607,,,16.304448,38.558642,
Serra,11,9,Douglas,60,,613550,4268638,,,16.303248,38.558935,
Serra,11,10,Abete Rosso,66,,613347,4268541,,,16.300903,38.558087,
Serra,11,11,Douglas,55,,613595,4268652,,,16.303767,38.559055,
Serra,11,12,Abete Bianco,48,,613648,4268663,,,16.304377,38.559148,
Serra,11,13,Faggio,37,,613725,4268678,,,16.305263,38.559273,
Serra,11,14,Castagno,36,,613804,4268703,,,16.306173,38.559488,
Serra,11,15,Castagno,39,,613844,4268712,,,16.306634,38.559564,
Serra,11,16,Douglas,55,,613847,4268684,,,16.306663,38.559311,
Serra,11,17,Abete Bianco,48,,613883,4268665,,,16.307073,38.559136,
Serra,11,18,Faggio,37,,613895,4268658,,,16.307210,38.559071,
Serra,11,19,Faggio,40,,613911,4268662,,,16.307394,38.559105,
Serra,11,20,Faggio,43,,613480,4268574,,,16.302434,38.558367,
Serra,11,21,Douglas,55,,614089,4268710,,,16.309445,38.559515,
Serra,11,22,Abete Bianco,48,,613623,4268763,,,16.304106,38.560052,
Serra,11,23,Faggio,44,,613570,4268800,,,16.303504,38.560392,
Serra,11,24,Abete Rosso,47,,613495,4268804,,,16.302644,38.560438,
Serra,11,25,Abete Bianco,45,,614145,4268822,,,16.310105,38.560516,
Serra,11,26,Douglas,52,,614181,4268902,,,16.310532,38.561233,
Serra,11,27,Abete Bianco,46,,614190,4268907,,,16.310636,38.561276,
Serra,11,28,Faggio,47,,614102,4268829,,,16.309613,38.560585,
Serra,11,29,Abete Bianco,50,,614154,4268838,,,16.310211,38.560659,
Serra,11,30,Abete Bianco,53,,614120,4268547,,,16.309774,38.558042,
Serra,11,31,Douglas,55,,614177,4268829,,,16.310474,38.560575,
Serra,11,32,Abete Bianco,48,,614108,4268924,,,16.309698,38.561440,
Serra,11,33,Faggio,37,,614127,4268935,,,16.309917,38.561537,
Serra,11,34,Abete Bianco,40,,614151,4268932,,,16.310192,38.561507,
Serra,11,35,Douglas,43,,614064,4268922,,,16.309192,38.561428,
Serra,11,36,Douglas,55,,614087,4268929,,,16.309457,38.561488,
Serra,11,37,Faggio,48,,614018,4268882,,,16.308658,38.561073,
Serra,11,38,Faggio,37,,614027,4268891,,,16.308763,38.561153,
Serra,11,39,Faggio,40,,614019,4268934,,,16.308678,38.561542,
Serra,11,40,Faggio,43,,614025,4268633,,,16.308698,38.558829,
Serra,11,41,Douglas,55,,614010,4268958,,,16.308579,38.561759,
Serra,11,42,Abete Bianco,48,,614004,4268971,,,16.308512,38.561877,
Serra,11,43,Faggio,37,,614090,4268985,,,16.309501,38.561992,
Serra,11,44,Castagno,40,,614028,4268088,,,16.308643,38.553918,
Serra,11,45,Castagno,43,,614013,4268083,,,16.308470,38.553875,
Serra,11,46,Faggio,37,,614014,4268098,,,16.308484,38.554010,
Serra,11,47,Pino Laricio,58,,614013,4268163,,,16.308483,38.554596,
Serra,11,48,Faggio,43,,614083,4268547,,,16.309349,38.558047,
Serra,11,49,Abete Bianco,52,,614318,4268381,,,16.312018,38.556521,
Serra,11,50,Abete Bianco,71,,614334,4268361,,,16.312199,38.556339,
Serra,11,51,Abete Bianco,70,,614351,4268239,,,16.312374,38.555237,
Serra,11,52,Abete Rosso,50,,614317,4268247,,,16.311985,38.555314,
Serra,11,53,Abete Rosso,55,,614320,4268227,,,16.312016,38.555133,
Serra,11,54,Abete Bianco,62,,614364,4268215,,,16.312519,38.555019,
Serra,11,55,Abete Bianco,54,,614379,4268205,,,16.312689,38.554927,
Serra,11,56,Douglas,55,,614333,4268157,,,16.312154,38.554501,
Serra,11,57,Douglas,54,,614321,4268946,,,16.312145,38.561611,
Serra,11,58,Douglas,55,,614318,4268872,,,16.312099,38.560945,
Serra,11,59,Douglas,48,,614315,4268873,,,16.312064,38.560954,
Serra,11,60,Abete Bianco,60,,614308,4268514,,,16.311925,38.557721,
Serra,11,61,Douglas,53,,614309,4268871,,,16.311995,38.560937,
Serra,11,62,Abete Rosso,48,,614304,4268770,,,16.311921,38.560028,
Serra,11,63,Douglas,52,,614311,4268470,,,16.311953,38.557324,
Serra,11,64,Douglas,53,,614315,4268514,,,16.312006,38.557720,
Serra,11,65,Abete Bianco,51,,614316,4268224,,,16.311970,38.555107,
Serra,11,66,Abete Rosso,47,,614329,4268657,,,16.312190,38.559006,
Serra,12,1,Abete Bianco,60,,612498,4268189,,,16.291104,38.555023,
Serra,12,2,Pino Laricio,52,,612508,4268150,,,16.291213,38.554671,
Serra,12,3,Abete Bianco,48,,612504,4268133,,,16.291164,38.554518,
Serra,12,4,Abete Bianco,50,,612501,4268051,,,16.291117,38.553780,
Serra,12,5,Faggio,50,,612506,4268889,,,16.291309,38.561329,
Serra,12,6,Abete Bianco,48,,612413,4268898,,,16.290243,38.561422,
Serra,12,7,Abete Bianco,58,,612249,4268349,,,16.288273,38.556496,
Serra,12,8,Faggio,41,,613488,4268409,,,16.302499,38.556880,
Serra,12,9,Abete Bianco,52,,613473,4268407,,,16.302327,38.556863,
Serra,12,10,Abete Bianco,51,,613475,4268419,,,16.302352,38.556971,
Serra,12,11,Abete Bianco,61,,613421,4268402,,,16.301729,38.556825,
Serra,12,12,Pino Laricio,54,,613289,4268434,,,16.300220,38.557130,
Serra,12,13,Pino Laricio,61,,613207,4268481,,,16.299287,38.557564,
Serra,12,14,Pino Laricio,59,,613178,4268498,,,16.298957,38.557721,
Serra,12,15,Abete Bianco,71,,613124,4268499,,,16.298337,38.557737,
Serra,12,16,Abete Bianco,54,,613091,4268502,,,16.297959,38.557768,
Serra,12,17,Faggio,41,,613067,4268486,,,16.297681,38.557627,
Serra,12,18,Douglas,63,,613107,4268434,,,16.298132,38.557153,
Serra,12,19,Pino Laricio,53,,613142,4268432,,,16.298533,38.557131,
Serra,12,20,Douglas,54,,613205,4268421,,,16.299254,38.557024,
Serra,12,21,Abete Bianco,56,,613240,4268419,,,16.299655,38.557001,
Serra,12,22,Abete Bianco,52,,613270,4268352,,,16.299989,38.556394,
Serra,12,23,Douglas,43,,613178,4268334,,,16.298930,38.556243,
Serra,12,24,Castagno,44,,613270,4268352,,,16.299989,38.556394,
Serra,12,25,Faggio,59,,613178,4268334,,,16.298930,38.556243,
Serra,12,26,Douglas,47,,613172,4268366,,,16.298866,38.556532,
Serra,12,27,Faggio,49,,613125,4268319,,,16.298320,38.556115,
Serra,12,28,Faggio,43,,613080,4268348,,,16.297808,38.556382,
Serra,12,29,Tasso,27,,613033,4268301,,,16.297261,38.555965,
Serra,12,30,Abete Bianco,74,,613040,4268211,,,16.297327,38.555153,
Serra,12,31,Abete Bianco,47,,612949,4268193,,,16.296280,38.555002,
Serra,12,32,Faggio,51,,612899,4268150,,,16.295699,38.554621,
Serra,12,33,Abete Bianco,59,,612694,4268564,,,16.293414,38.558377,
Serra,12,34,Faggio,45,,612942,4268417,,,16.296236,38.557021,
Serra,12,35,Douglas,85,,612890,4268438,,,16.295642,38.557217,
Serra,12,36,Abete Bianco,68,,612824,4268513,,,16.294897,38.557901,
Serra,12,37,Douglas,72,,612776,4268527,,,16.294349,38.558033,
Serra,12,38,Douglas,59,,612747,4268527,,,16.294016,38.558037,
Serra,12,39,Douglas,59,,612747,4268527,,,16.294016,38.558037,
Serra,12,40,Pino Strobo,48,,612632,4268483,,,16.292689,38.557655,
Serra,12,41,Douglas,51,,612578,4268483,,,16.292070,38.557662,
Serra,12,42,Castagno,54,,612555,4268445,,,16.291800,38.557323,
Serra,12,43,Faggio,51,,613168,4268663,,,16.298869,38.559209,
Serra,12,44,Douglas,54,,612815,4268801,,,16.294841,38.560497,
Serra,12,45,Douglas,72,,612800,4268848,,,16.294676,38.560922,
Serra,12,46,Abete Bianco,53,,612513,4268420,,,16.291314,38.557103,
Serra,12,47,Faggio,50,,612487,4268405,,,16.291013,38.556971,
Serra,12,48,Abete Bianco,58,,612472,4268385,,,16.290838,38.556792,
Serra,12,49,Abete Bianco,34,,612406,4268170,,,16.290046,38.554864,
Serra,12,50,Faggio,58,,612398,4268140,,,16.289949,38.554594,
Serra,12,51,Faggio,52,,612401,4268104,,,16.289978,38.554270,
Serra,12,52,Abete Bianco,50,,612391,4268063,,,16.289856,38.553902,
Serra,12,53,Castagno,26,,612693,4268129,,,16.293332,38.554458,
Serra,12,54,Abete Bianco,56,,612296,4268714,,,16.288871,38.559779,
Serra,12,55,Abete Bianco,38,,612296,4267945,,,16.288747,38.552850,
Serra,12,56,Abete Bianco,54,,612275,4267909,,,16.288501,38.552529,
Serra,12,57,Abete Bianco,57,,613106,4268894,,,16.298195,38.561298,
Serra,12,58,Abete Bianco,26,,613140,4268912,,,16.298588,38.561456,
Serra,12,59,Abete Bianco,34,,612569,4268714,,,16.292004,38.559744,
Serra,12,60,Abete Bianco,52,,612272,4267893,,,16.288464,38.552385,
Serra,12,61,Abete Bianco,52,,612328,4267876,,,16.289103,38.552225,
Serra,12,62,Abete Bianco,40,,612389,4267839,,,16.289797,38.551884,
Serra,12,63,Abete Bianco,36,,612481,4267857,,,16.290856,38.552034,
Serra,12,64,Abete Bianco,48,,612096,4268070,,,16.286473,38.554002,
Serra,12,65,Abete Bianco,50,,612330,4268281,,,16.289191,38.555873,
Serra,12,66,Faggio,36,,612588,4268673,,,16.292215,38.559373,
Serra,12,67,Douglas,45,,612322,4268548,,,16.289143,38.558280,
Serra,12,68,Douglas,48,,612282,4268354,,,16.288652,38.556537,
Serra,12,69,Abete Bianco,50,,612388,4268397,,,16.289876,38.556911,
Serra,12,70,Abete Bianco,48,,612684,4268635,,,16.293310,38.559018,
Serra,12,71,Abete Bianco,45,,612532,4267876,,,16.291444,38.552199,
Serra,12,72,Faggio,52,,612561,4267908,,,16.291782,38.552484,
Serra,12,73,Faggio,55,,612518,4267941,,,16.291294,38.552786,
Serra,12,74,Douglas,40,,612520,4267925,,,16.291314,38.552642,
Serra,12,75,Douglas,43,,612497,4268021,,,16.291066,38.553510,
Serra,12,76,Pino Laricio,47,,612604,4267991,,,16.292289,38.553226,
Serra,12,77,Abete Bianco,49,,612656,4268057,,,16.292896,38.553814,
Serra,12,78,Abete Bianco,53,,612807,4268132,,,16.294641,38.554471,
Serra,12,79,Faggio,50,,612899,4268150,,,16.295699,38.554621,
Serra,12,80,Douglas,58,,612747,4268527,,,16.294016,38.558037,
Serra,12,81,Douglas,58,,612817,4268354,,,16.294791,38.556469,
Serra,12,82,Douglas,48,,612882,4268285,,,16.295526,38.555840,
Serra,12,83,Abete Bianco,52,,612852,4268351,,,16.295192,38.556438,
Serra,13,1,Faggio,36,,611647,4267362,,,16.281208,38.547679,
Serra,13,2,Faggio,35,,611657,4267897,,,16.281408,38.552498,
Serra,13,3,Faggio,32,,611662,4267902,,,16.281466,38.552543,
Serra,13,4,Faggio,37,,611711,4267925,,,16.282032,38.552744,
Serra,13,5,Faggio,33,,611729,4267936,,,16.282240,38.552841,
Serra,13,6,Faggio,38,,611739,4267926,,,16.282353,38.552749,
Serra,13,7,Faggio,47,,611749,4267934,,,16.282469,38.552820,
Serra,13,8,Faggio,28,,611753,4267940,,,16.282516,38.552874,
Serra,13,9,Pino Laricio,44,,611758,4267900,,,16.282567,38.552513,
Serra,13,10,Faggio,34,,611759,4267971,,,16.282590,38.553152,
Serra,13,11,Faggio,38,,611759,4268000,,,16.282595,38.553414,
Serra,13,12,Pino Laricio,47,,611760,4268005,,,16.282607,38.553459,
Serra,13,13,Pino Laricio,52,,611762,4267900,,,16.282613,38.552512,
Serra,13,14,Faggio,33,,611781,4268014,,,16.282849,38.553537,
Serra,13,15,Faggio,30,,611796,4268016,,,16.283022,38.553553,
Serra,13,16,Faggio,42,,611793,4268021,,,16.282988,38.553599,
Serra,13,17,Abete Bianco,61,,611799,4268030,,,16.283059,38.553679,
Serra,13,18,Faggio,33,,611799,4268060,,,16.283063,38.553949,
Serra,13,19,Faggio,41,,611700,4268124,,,16.281938,38.554538,
Serra,13,20,Faggio,48,,611800,4268130,,,16.283086,38.554580,
Serra,13,21,Douglas,76,,611796,4268100,,,16.283035,38.554310,
Serra,13,22,Pino Laricio,53,,611793,4268126,,,16.283005,38.554545,
Serra,13,23,Pino Laricio,44,,611790,4268155,,,16.282975,38.554806,
Serra,13,24,Faggio,32,,611760,4268151,,,16.282630,38.554774,
Serra,13,25,Douglas,44,,611700,4268179,,,16.281946,38.555034,
Serra,13,26,Douglas,57,,600727,4268181,,,16.156038,38.556363,
Serra,13,27,Faggio,31,,611700,4268186,,,16.281948,38.555097,
Serra,13,28,Faggio,33,,611707,4268172,,,16.282026,38.554970,
Serra,13,29,Faggio,44,,611670,4268162,,,16.281600,38.554884,
Serra,13,30,Douglas,38,,611664,4268116,,,16.281523,38.554471,
Serra,13,31,Douglas,52,,611620,4268098,,,16.281016,38.554314,
Serra,13,32,Faggio,49,,611612,4268053,,,16.280917,38.553910,
Serra,13,33,Faggio,52,,611606,4268009,,,16.280841,38.553514,
Serra,13,34,Faggio,34,,611533,4267900,,,16.279986,38.552541,
Serra,13,35,Douglas,35,,612151,4267976,,,16.287089,38.553148,
Serra,13,36,Faggio,36,,612143,4267980,,,16.286997,38.553185,
Serra,13,37,Castagno,56,,612118,4268043,,,16.286721,38.553756,
Serra,13,38,Faggio,36,,600049,4268023,,,16.148236,38.555016,
Serra,13,39,Faggio,49,,612086,4268041,,,16.286353,38.553742,
Serra,13,40,Faggio,52,,612117,4268072,,,16.286714,38.554017,
Serra,13,41,Faggio,34,,612131,4268097,,,16.286879,38.554241,
Serra,13,42,Douglas,35,,612160,4267362,,,16.287093,38.547615,
Serra,14,1,Abete Bianco,64,,,,2632793,4267108,16.294213,38.545227,Gauss Boaga
Serra,14,2,Pino Laricio,60,,,,2632683,4267202,16.292966,38.546088,Gauss Boaga
Serra,14,3,Pino Laricio,52,,,,2632651,4267280,16.292611,38.546795,Gauss Boaga
Serra,14,4,Pino Laricio,57,,,,2632626,4267337,16.292334,38.547312,Gauss Boaga
Serra,14,5,Pino Laricio,73,,,,2632594,4267359,16.291970,38.547514,Gauss Boaga
Serra,14,6,Abete Bianco,83,,,,2632405,4267413,16.289811,38.548024,Gauss Boaga
Serra,14,7,Abete Bianco,72,,,,2632523,4267442,16.291169,38.548271,Gauss Boaga
Serra,14,8,Abete Bianco,48,,,,2632476,4267533,16.290644,38.549096,Gauss Boaga
Serra,14,9,Abete Bianco,61,,,,2632330,4267679,16.288993,38.550430,Gauss Boaga
Serra,14,10,Abete Bianco,70,,,,2632258,4267743,16.288177,38.551016,Gauss Boaga
Serra,14,11,Abete Bianco,69,,,,2632209,4267683,16.287605,38.550482,Gauss Boaga
Serra,14,12,Abete Bianco,68,,,,2632294,4267597,16.288567,38.549696,Gauss Boaga
Serra,14,13,Abete Bianco,74,,,,2632331,4267567,16.288986,38.549421,Gauss Boaga
Serra,14,14,Abete Bianco,85,,,,2632393,4267523,16.289691,38.549017,Gauss Boaga
Serra,14,15,Pino Laricio,64,,,,2632366,4267472,16.289373,38.548561,Gauss Boaga
Serra,14,16,Abete Bianco,52,,,,2632306,4267445,16.288680,38.548325,Gauss Boaga
Serra,14,17,Faggio,50,,,,2632274,4267470,16.288317,38.548554,Gauss Boaga
Serra,14,18,Abete Bianco,50,,,,2632245,4267548,16.287997,38.549261,Gauss Boaga
Serra,14,19,Abete Bianco,97,,,,2632244,4267550,16.287986,38.549279,Gauss Boaga
Serra,14,20,Faggio,40,,,,2632228,4267625,16.287814,38.549957,Gauss Boaga
Serra,14,21,Faggio,39,,,,2632178,4267608,16.287238,38.549810,Gauss Boaga
Serra,14,22,Faggio,52,,,,2632193,4267549,16.287400,38.549276,Gauss Boaga
Serra,14,23,Faggio,59,,,,2632183,4267488,16.287276,38.548728,Gauss Boaga
Serra,14,24,Abete Bianco,57,,,,2632168,4267508,16.287107,38.548910,Gauss Boaga
Serra,14,25,Abete Bianco,60,,,,2632101,4267439,16.286327,38.548297,Gauss Boaga
Serra,14,26,Faggio,48,,,,2632086,4267602,16.286181,38.549767,Gauss Boaga
Serra,14,27,Faggio,44,,,,2632118,4267629,16.286553,38.550007,Gauss Boaga
Serra,14,28,Faggio,48,,,,2632122,4267665,16.286604,38.550330,Gauss Boaga
Serra,14,29,Abete Bianco,54,,,,2632182,4267656,16.287291,38.550242,Gauss Boaga
Serra,14,30,Abete Bianco,71,,,,2632083,4267638,16.286153,38.550092,Gauss Boaga
Serra,14,31,Abete Bianco,52,,,,2632065,4267687,16.285954,38.550536,Gauss Boaga
Serra,14,32,Faggio,48,,,,2632064,4267560,16.285922,38.549392,Gauss Boaga
Serra,14,33,Abete Bianco,52,,,,2632036,4267483,16.285588,38.548701,Gauss Boaga
Serra,14,34,Faggio,54,,,,2631958,4267493,16.284695,38.548801,Gauss Boaga
Serra,14,35,Faggio,68,,,,2631922,4267585,16.284297,38.549635,Gauss Boaga
Serra,14,36,Abete Bianco,48,,,,2632031,4267566,16.285544,38.549450,Gauss Boaga
Serra,14,37,Faggio,53,,,,2632011,4267643,16.285327,38.550146,Gauss Boaga
Serra,14,38,Faggio,32,,,,2631932,4267650,16.284422,38.550219,Gauss Boaga
Serra,14,39,Faggio,48,,,,2631901,4267674,16.284070,38.550439,Gauss Boaga
Serra,14,40,Faggio,61,,,,2631810,4267704,16.283031,38.550721,Gauss Boaga
Serra,14,41,Faggio,63,,,,2631827,4267633,16.283215,38.550079,Gauss Boaga
Serra,14,42,Abete Bianco,100,,,,2631820,4267827,16.283165,38.551828,Gauss Boaga
Serra,14,43,Faggio,76,,,,2631869,4267835,16.283729,38.551894,Gauss Boaga
Serra,14,44,Abete Bianco,77,,,,2631952,4267760,16.284669,38.551208,Gauss Boaga
Serra,14,45,Abete Bianco,63,,,,2631990,4267884,16.285125,38.552320,Gauss Boaga
Serra,14,46,Abete Bianco,68,,,,2631898,4267948,16.284080,38.552908,Gauss Boaga
Serra,14,47,Abete Bianco,114,,,,2631870,4267842,16.283741,38.551957,Gauss Boaga
Serra,14,48,Faggio,70,,,,2631711,4267745,16.281902,38.551103,Gauss Boaga
Serra,14,49,Faggio,47,,,,2631742,4267857,16.282275,38.552108,Gauss Boaga
Serra,14,50,Abete Bianco,53,,,,2631750,4267861,16.282368,38.552143,Gauss Boaga
Serra,14,51,Faggio,40,,,,2631839,4267940,16.283401,38.552844,Gauss Boaga
Serra,14,52,Abete Bianco,76,,,,2631866,4267980,16.283718,38.553201,Gauss Boaga
Serra,14,53,Abete Bianco,80,,,,2631890,4268008,16.283997,38.553450,Gauss Boaga
Serra,14,54,Abete Bianco,61,,,,2631890,4268028,16.284001,38.553630,Gauss Boaga
Serra,14,55,Faggio,43,,,,2631862,4268002,16.283675,38.553399,Gauss Boaga
Serra,14,56,Abete Bianco,71,,,,2632066,4267715,16.285970,38.550788,Gauss Boaga
Serra,14,57,Abete Bianco,41,,,,2632061,4267727,16.285914,38.550897,Gauss Boaga
Serra,14,58,Faggio,46,,,,2632035,4267771,16.285623,38.551296,Gauss Boaga
Serra,14,59,Abete Bianco,80,,,,2632035,4267799,16.285628,38.551549,Gauss Boaga
Serra,14,60,Abete Bianco,72,,,,2632012,4267759,16.285357,38.551191,Gauss Boaga
Serra,14,61,Faggio,50,,,,2631938,4267605,16.284484,38.549813,Gauss Boaga
Serra,15,1,Douglas,60,,,,2632957,4268041,16.296245,38.553612,Gauss Boaga
Serra,15,2,Abete Bianco,94,,,,2632930,4267973,16.295924,38.553003,Gauss Boaga
Serra,15,3,Abete Bianco,58,,,,2632960,4267945,16.296264,38.552747,Gauss Boaga
Serra,15,4,Douglas,75,,,,2632932,4267735,16.295909,38.550859,Gauss Boaga
Serra,15,5,Douglas,55,,,,2632936,4267724,16.295953,38.550759,Gauss Boaga
Serra,15,6,Abete Bianco,41,,,,2632837,4267703,16.294814,38.550582,Gauss Boaga
Serra,15,7,Faggio,43,,,,2632784,4267524,16.294177,38.548976,Gauss Boaga
Serra,15,8,Abete Bianco,62,,,,2632740,4267587,16.293682,38.549550,Gauss Boaga
Serra,15,9,Abete Bianco,64,,,,2632650,4267657,16.292661,38.550192,Gauss Boaga
Serra,15,10,Faggio,32,,,,2632680,4267715,16.293014,38.550710,Gauss Boaga
Serra,15,11,Faggio,45,,,,2632704,4267716,16.293290,38.550716,Gauss Boaga
Serra,15,12,Castagno,52,,,,2632735,4267852,16.293667,38.551938,Gauss Boaga
Serra,15,13,Faggio,48,,,,2632763,4267836,16.293986,38.551790,Gauss Boaga
Serra,15,14,Abete Bianco,33,,,,2632855,4267980,16.295065,38.553076,Gauss Boaga
Serra,15,15,Douglas,58,,,,2632822,4267999,16.294689,38.553251,Gauss Boaga
Serra,15,16,Douglas,50,,,,2632877,4268027,16.295325,38.553496,Gauss Boaga
Serra,15,17,Douglas,62,,,,2632878,4268050,16.295340,38.553703,Gauss Boaga
Serra,15,18,Faggio,39,,,,2632852,4268997,16.295195,38.562239,Gauss Boaga
Serra,15,19,Castagno,52,,,,2632795,4268005,16.294381,38.553309,Gauss Boaga
Serra,15,20,Abete Bianco,52,,,,2632760,4267901,16.293962,38.552376,Gauss Boaga
Serra,15,21,Faggio,49,,,,2632703,4267848,16.293300,38.551906,Gauss Boaga
Serra,15,22,Abete Bianco,42,,,,2632653,4267804,16.292719,38.551516,Gauss Boaga
Serra,15,23,Abete Bianco,53,,,,2632600,4267795,16.292109,38.551441,Gauss Boaga
Serra,15,24,Abete Bianco,35,,,,2632603,4267803,16.292145,38.551513,Gauss Boaga
Serra,15,25,Abete Bianco,40,,,,2632607,4267640,16.292165,38.550044,Gauss Boaga
Serra,15,26,Abete Bianco,57,,,,2632615,4267632,16.292255,38.549971,Gauss Boaga
Serra,15,27,Faggio,50,,,,2632605,4267609,16.292137,38.549765,Gauss Boaga
Serra,15,28,Castagno,53,,,,2632568,4267555,16.291704,38.549283,Gauss Boaga
Serra,15,29,Abete Bianco,60,,,,2632579,4267525,16.291825,38.549011,Gauss Boaga
Serra,15,30,Faggio,34,,,,2632480,4267569,16.290696,38.549420,Gauss Boaga
Serra,15,31,Abete Bianco,57,,,,2632466,4267555,16.290533,38.549296,Gauss Boaga
Serra,15,32,Faggio,57,,,,2634462,4267567,16.313435,38.549149,Gauss Boaga
Serra,15,33,Abete Bianco,47,,,,2632508,4267628,16.291027,38.549948,Gauss Boaga
Serra,15,34,Faggio,44,,,,2632535,4267670,16.291343,38.550323,Gauss Boaga
Serra,15,35,Castagno,49,,,,2632523,4267776,16.291223,38.551280,Gauss Boaga
Serra,15,36,Faggio,40,,,,2632511,4267780,16.291086,38.551317,Gauss Boaga
Serra,15,37,Abete Bianco,54,,,,2632473,4267728,16.290641,38.550854,Gauss Boaga
Serra,15,38,Faggio,41,,,,2632410,4267701,16.289914,38.550618,Gauss Boaga
Serra,15,39,Castagno,30,,,,2632419,4267766,16.290028,38.551203,Gauss Boaga
Serra,15,40,Faggio,35,,,,2632361,4267867,16.289379,38.552120,Gauss Boaga
Serra,15,41,Abete Bianco,45,,,,2632757,4267601,16.293879,38.549673,Gauss Boaga
Serra,15,42,Douglas,43,,,,2632310,4267626,16.288755,38.549955,Gauss Boaga
Serra,15,43,Douglas,44,,,,2632826,4267643,16.294678,38.550043,Gauss Boaga
Serra,15,44,Abete Bianco,36,,,,2632865,4267720,16.295138,38.550732,Gauss Boaga
Serra,15,45,Castagno,41,,,,2633022,4267802,16.296952,38.551451,Gauss Boaga
Serra,15,46,Abete Bianco,58,,,,2633058,4267829,16.297370,38.551689,Gauss Boaga
Serra,15,47,Abete Bianco,56,,,,2633009,4268003,16.296836,38.553263,Gauss Boaga
Serra,16,1,Tiglio,103,,613706,4268169,,,16.304962,38.554689,
Serra,16,2,Tiglio,86,,613706,4268169,,,16.304962,38.554689,
Serra,16,3,Tiglio,89,,613706,4268169,,,16.304962,38.554689,
Serra,16,4,Abete Bianco,95,,613545,4268173,,,16.303115,38.554746,
Serra,16,5,Abete Bianco,67,,613521,4268101,,,16.302828,38.554100,
Serra,16,6,Abete Bianco,100,,613417,4268109,,,16.301636,38.554186,
Serra,16,7,Abete Bianco,69,,613840,4267745,,,16.306430,38.550852,
Serra,16,8,Abete Rosso,60,,613655,4267975,,,16.304345,38.552948,
Serra,16,9,Abete Bianco,60,,613697,4267960,,,16.304824,38.552808,
Serra,16,10,Abete Bianco,66,,613607,4267922,,,16.303785,38.552477,
Serra,16,11,Faggio,55,,613889,4267778,,,16.306998,38.551143,
Serra,16,12,Abete Rosso,48,,614004,4267713,,,16.308306,38.550543,
Serra,16,13,Abete Bianco,38,,614067,4267795,,,16.309043,38.551274,
Serra,16,14,Abete Bianco,45,,613835,4268057,,,16.306423,38.553664,
Serra,16,15,Abete Bianco,44,,613922,4267886,,,16.307394,38.552112,
Serra,16,16,Faggio,55,,613230,4267928,,,16.299461,38.552579,
Serra,16,17,Faggio,50,,613837,4267915,,,16.306423,38.552384,
Serra,16,18,Castagno,28,,613159,4267951,,,16.298650,38.552795,
Serra,16,19,Farnia,37,,613103,4267964,,,16.298010,38.552919,
Serra,16,20,Abete Bianco,60,,613433,4267889,,,16.301784,38.552202,
Serra,16,21,Faggio,52,,613607,4268921,,,16.303948,38.561477,
Serra,16,22,Abete Bianco,62,,614141,4267856,,,16.309902,38.551814,
Serra,16,23,Douglas,58,,613411,4268018,,,16.301552,38.553367,
Serra,16,24,Douglas,52,,613429,4268030,,,16.301761,38.553472,
Serra,16,25,Abete Bianco,53,,614033,4267953,,,16.308678,38.552701,
Serra,16,26,Faggio,40,,613943,4267986,,,16.307651,38.553010,
Serra,16,27,Abete Bianco,48,,613969,4268014,,,16.307954,38.553259,
Serra,16,28,Abete Bianco,40,,613947,4268033,,,16.307705,38.553433,
Serra,16,29,Abete Bianco,55,,613917,4268000,,,16.307355,38.553140,
Serra,16,30,Abete Bianco,45,,613419,4267965,,,16.301635,38.552888,
Serra,16,31,Faggio,46,,613883,4267997,,,16.306964,38.553117,
Serra,16,32,Abete Bianco,55,,613432,4268031,,,16.301795,38.553481,
Serra,16,33,Faggio,54,,613825,4268223,,,16.306336,38.555161,
Serra,16,34,Abete Bianco,58,,613800,4268216,,,16.306048,38.555101,
Serra,16,35,Abete Bianco,58,,613784,4268238,,,16.305868,38.555301,
Serra,16,36,Abete Bianco,52,,613715,4267899,,,16.305021,38.552256,
Serra,16,37,Castagno,58,,614325,4268090,,,16.312051,38.553898,
Serra,16,38,Faggio,48,,613642,4268199,,,16.304232,38.554968,
Serra,16,39,Abete Bianco,49,,614332,4268121,,,16.312136,38.554177,
Serra,16,40,Faggio,57,,613466,4268220,,,16.302216,38.555180,
Serra,16,41,Abete Bianco,45,,613441,4268214,,,16.301928,38.555129,
Serra,16,42,Abete Bianco,48,,614274,4268084,,,16.311465,38.553851,
Serra,16,43,Douglas,55,,613458,4268165,,,16.302115,38.554685,
Serra,16,44,Abete Bianco,50,,613433,4268158,,,16.301827,38.554625,
Serra,16,45,Abete Bianco,46,,614126,4268114,,,16.309772,38.554140,
Serra,16,46,Faggio,53,,613441,4268214,,,16.301928,38.555129,
Serra,16,47,Abete Bianco,59,,614064,4268117,,,16.309061,38.554175,
Serra,16,48,Abete Bianco,42,,613394,4268243,,,16.301394,38.555396,
Serra,16,49,Abete Bianco,53,,614074,4268211,,,16.309191,38.555021,
Serra,16,50,Abete Bianco,50,,613331,4268209,,,16.300665,38.555098,
Serra,16,51,Abete Bianco,42,,613282,4268251,,,16.300110,38.555482,
Serra,16,52,Castagno,30,,613250,4268180,,,16.299731,38.554847,
Serra,16,53,Castagno,28,,613298,4268126,,,16.300273,38.554354,
Serra,16,54,Castagno,39,,614112,4268193,,,16.309624,38.554854,
Serra,16,55,Abete Bianco,46,,613316,4268076,,,16.300472,38.553901,
Serra,16,56,Douglas,60,,613268,4268097,,,16.299924,38.554097,
Serra,16,57,Douglas,50,,613184,4268135,,,16.298967,38.554450,
Serra,16,58,Douglas,46,,613167,4268157,,,16.298775,38.554650,
Serra,16,59,Abete Bianco,43,,614084,4268019,,,16.309274,38.553290,
Serra,16,60,Abete Bianco,46,,613186,4268059,,,16.298977,38.553765,
Serra,16,61,Castagno,38,,613161,4268052,,,16.298689,38.553705,
Serra,16,62,Abete Bianco,48,,613626,4267580,,,16.303948,38.549393,
Serra,16,63,Douglas,41,,613130,4268054,,,16.298334,38.553727,
Serra,16,64,Douglas,46,,613115,4268081,,,16.298166,38.553972,
Serra,16,65,Abete Bianco,53,,613580,4267463,,,16.303401,38.548345,
Serra,16,66,Abete Bianco,59,,613088,4268016,,,16.297846,38.553390,
Serra,16,66,Abete Bianco,40,,613512,4267630,,,16.302648,38.549858,
Serra,16,67,Abete Bianco,51,,613544,4267529,,,16.302999,38.548944,
Serra,16,68,Abete Bianco,58,,613514,4267589,,,16.302664,38.549488,
Serra,16,69,Abete Bianco,46,,613103,4267564,,,16.297945,38.549315,
Serra,16,70,Abete Bianco,46,,613548,4267589,,,16.303054,38.549484,
Serra,16,71,Abete Bianco,48,,613058,4268023,,,16.297503,38.553457,
Serra,17,1,Douglas,77,,613908,4267641,,,16.307193,38.549906,
Serra,17,2,Faggio,74,,613853,4267749,,,16.306580,38.550886,
Serra,17,3,Abete Bianco,77,,613833,4267603,,,16.306326,38.549574,
Serra,17,4,Abete Rosso,50,,613907,4267676,,,16.307187,38.550222,
Serra,17,5,Abete Bianco,55,,613796,4267687,,,16.305916,38.550335,
Serra,17,6,Abete Bianco,73,,613777,4267746,,,16.305707,38.550869,
Serra,17,7,Abete Bianco,69,,613840,4267745,,,16.306430,38.550852,
Serra,17,8,Abete Bianco,60,,613964,4267688,,,16.307843,38.550323,
Serra,17,9,Abete Bianco,60,,613845,4267781,,,16.306493,38.551176,
Serra,17,10,Abete Bianco,66,,613820,4267779,,,16.306206,38.551161,
Serra,17,11,Faggio,55,,613889,4267778,,,16.306998,38.551143,
Serra,17,12,Abete Bianco,48,,614004,4267713,,,16.308306,38.550543,
Serra,17,13,Abete Bianco,37,,614067,4267795,,,16.309043,38.551274,
Serra,17,14,Farnia,40,,614090,4267832,,,16.309312,38.551604,
Serra,17,15,Abete Bianco,43,,613922,4267886,,,16.307394,38.552112,
Serra,17,16,Faggio,58,,613856,4267856,,,16.306632,38.551850,
Serra,17,17,Faggio,43,,613837,4267915,,,16.306423,38.552384,
Serra,17,18,Castagno,63,,613921,4267811,,,16.307370,38.551436,
Serra,17,19,Castagno,62,,613901,4267932,,,16.307160,38.552529,
Serra,17,20,Abete Bianco,67,,613926,4267933,,,16.307447,38.552535,
Serra,17,21,Faggio,57,,613981,4267918,,,16.308076,38.552393,
Serra,17,22,Abete Bianco,64,,614141,4267856,,,16.309902,38.551814,
Serra,17,23,Douglas,34,,614144,4267903,,,16.309944,38.552237,
Serra,17,24,Douglas,45,,614085,4267949,,,16.309274,38.552659,
Serra,17,25,Abete Bianco,55,,614033,4267953,,,16.308678,38.552701,
Serra,17,26,Faggio,50,,613943,4267986,,,16.307651,38.553010,
Serra,17,27,Faggio,32,,614325,4268090,,,16.312051,38.553898,
Serra,17,28,Faggio,49,,613947,4268033,,,16.307705,38.553433,
Serra,17,29,Abete Bianco,58,,613917,4268000,,,16.307355,38.553140,
Serra,17,30,Abete Bianco,55,,613885,4268025,,,16.306992,38.553369,
Serra,17,31,Faggio,59,,613883,4267997,,,16.306964,38.553117,
Serra,17,32,Abete Bianco,57,,613861,4267971,,,16.306708,38.552886,
Serra,17,33,Faggio,54,,613768,4267893,,,16.305628,38.552195,
Serra,17,34,Abete Bianco,70,,613751,4267915,,,16.305437,38.552395,
Serra,17,35,Abete Bianco,48,,613833,4267948,,,16.306383,38.552682,
Serra,17,36,Abete Bianco,57,,613715,4267899,,,16.305021,38.552256,
Serra,17,37,Castagno,40,,613969,4268014,,,16.307954,38.553259,
Serra,17,38,Faggio,47,,614357,4268123,,,16.312424,38.554191,
Serra,17,39,Abete Bianco,37,,614332,4268121,,,16.312136,38.554177,
Serra,17,40,Faggio,62,,614183,4268009,,,16.310408,38.553187,
Serra,17,41,Abete Bianco,57,,614253,4268111,,,16.311228,38.554097,
Serra,17,42,Abete Bianco,58,,614274,4268084,,,16.311465,38.553851,
Serra,17,43,Douglas,55,,614228,4268044,,,16.310930,38.553496,
Serra,17,44,Abete Bianco,50,,614203,4268110,,,16.310654,38.554094,
Serra,17,45,Abete Bianco,47,,614126,4268114,,,16.309772,38.554140,
Serra,17,46,Faggio,47,,614160,4268091,,,16.310158,38.553928,
Serra,17,47,Abete Bianco,49,,614064,4268117,,,16.309061,38.554175,
Serra,17,48,Abete Bianco,48,,614070,4268164,,,16.309137,38.554598,
Serra,17,49,Abete Bianco,50,,614074,4268211,,,16.309191,38.555021,
Serra,17,50,Abete Bianco,52,,614133,4268147,,,16.309857,38.554436,
Serra,17,51,Abete Bianco,45,,614231,4268140,,,16.310981,38.554361,
Serra,17,52,Castagno,36,,614173,4268215,,,16.310327,38.555044,
Serra,17,53,Castagno,38,,614136,4268194,,,16.309899,38.554860,
Serra,17,54,Castagno,49,,614112,4268193,,,16.309624,38.554854,
Serra,17,55,Abete Bianco,48,,614218,4268178,,,16.310838,38.554705,
Serra,17,56,Douglas,56,,614089,4268060,,,16.309338,38.553658,
Serra,17,57,Douglas,52,,614054,4268039,,,16.308933,38.553474,
Serra,17,58,Douglas,48,,614093,4267987,,,16.309372,38.553000,
Serra,17,59,Abete Bianco,44,,614084,4268019,,,16.309274,38.553290,
Serra,17,60,Abete Bianco,46,,613591,4267660,,,16.303559,38.550118,
Serra,17,61,Castagno,38,,613658,4267715,,,16.304337,38.550605,
Serra,17,62,Abete Bianco,48,,613626,4267580,,,16.303948,38.549393,
Serra,17,63,Douglas,41,,613676,4267546,,,16.304516,38.549080,
Serra,17,64,Douglas,46,,613629,4267479,,,16.303966,38.548483,
Serra,17,65,Abete Bianco,47,,613580,4267463,,,16.303401,38.548345,
Serra,17,66,Abete Bianco,47,,613548,4267589,,,16.303054,38.549484,
Serra,17,66,Abete Bianco,43,,613512,4267630,,,16.302648,38.549858,
Serra,17,67,Abete Bianco,46,,613544,4267529,,,16.302999,38.548944,
Serra,17,68,Abete Bianco,52,,613544,4267529,,,16.302999,38.548944,
Serra,18,1,Abete Bianco,69,,613090,4267855,,,16.297843,38.551939,
Serra,18,2,Abete Bianco,58,,613078,4267832,,,16.297701,38.551733,
Serra,18,3,Abete Bianco,89,,613200,4267768,,,16.299091,38.551141,
Serra,18,4,Abete Bianco,44,,613325,4267718,,,16.300517,38.550675,
Serra,18,5,Tiglio,63,,613302,4267762,,,16.300260,38.551074,
Serra,18,6,Tasso,71,,613406,4267775,,,16.301455,38.551178,
Serra,18,7,Abete Bianco,69,,613119,4267587,,,16.298132,38.549521,
Serra,18,8,Abete Bianco,60,,613075,4267579,,,16.297626,38.549454,
Serra,18,9,Abete Bianco,60,,613845,4267781,,,16.306493,38.551176,
Serra,18,10,Abete Bianco,66,,613043,4267590,,,16.297261,38.549557,
Serra,18,11,Faggio,55,,612981,426771,,,16.017572,3.860461,
Serra,18,12,Abete Bianco,48,,614004,4267703,,,16.308305,38.550453,
Serra,18,13,Abete Bianco,37,,613012,4267732,,,16.296928,38.550841,
Serra,18,14,Farnia,40,,613084,4267710,,,16.297750,38.550633,
Serra,18,15,Abete Bianco,43,,613922,4267886,,,16.307394,38.552112,
Serra,18,16,Faggio,58,,613105,4267648,,,16.297981,38.550072,
Serra,18,17,Faggio,43,,613837,4267915,,,16.306423,38.552384,
Serra,18,18,Castagno,63,,613921,4267811,,,16.307370,38.551436,
Serra,18,19,Castagno,62,,613901,4267932,,,16.307160,38.552529,
Serra,18,20,Abete Bianco,67,,613301,4267463,,,16.300200,38.548380,
Serra,18,21,Faggio,57,,613981,4267918,,,16.308076,38.552393,
Serra,18,22,Abete Bianco,64,,614141,4267856,,,16.309902,38.551814,
Serra,18,23,Douglas,34,,613497,4267396,,,16.302438,38.547752,
Serra,18,24,Douglas,45,,613435,4267477,,,16.301740,38.548489,
Serra,18,25,Abete Bianco,55,,614033,4267953,,,16.308678,38.552701,
Serra,18,26,Faggio,50,,613943,4267986,,,16.307651,38.553010,
Serra,18,27,Faggio,32,,613420,4267539,,,16.301578,38.549050,
Serra,18,28,Faggio,49,,613364,4267530,,,16.300934,38.548976,
Serra,18,29,Abete Bianco,58,,613917,4268000,,,16.307355,38.553140,
Serra,18,30,Abete Bianco,55,,613885,4268025,,,16.306992,38.553369,
Serra,18,31,Faggio,59,,613883,4267997,,,16.306964,38.553117,
Serra,18,32,Abete Bianco,57,,613171,4267619,,,16.298734,38.549802,
Serra,18,33,Faggio,54,,613185,4267558,,,16.298885,38.549251,
Serra,18,34,Abete Bianco,70,,613150,4267681,,,16.298503,38.550364,
Serra,18,35,Abete Bianco,48,,613206,4267670,,,16.299144,38.550257,
Serra,18,36,Abete Bianco,57,,613235,4267735,,,16.299487,38.550839,
Serra,18,37,Castagno,40,,614325,4268090,,,16.312051,38.553898,
Serra,18,38,Faggio,47,,614357,4268123,,,16.312424,38.554191,
Serra,18,39,Abete Bianco,37,,614332,4268121,,,16.312136,38.554177,
Serra,18,40,Faggio,62,,614183,4268009,,,16.310408,38.553187,
Serra,18,41,Abete Bianco,57,,614253,4268111,,,16.311228,38.554097,
Serra,18,42,Abete Bianco,58,,614274,4268084,,,16.311465,38.553851,
Serra,18,43,Douglas,55,,614228,4268044,,,16.310930,38.553496,
Serra,18,44,Abete Bianco,50,,613385,4267687,,,16.301200,38.550388,
Serra,18,45,Abete Bianco,47,,614126,4268114,,,16.309772,38.554140,
Serra,18,46,Faggio,47,,614160,4268091,,,16.310158,38.553928,
Serra,18,47,Abete Bianco,49,,613279,4267802,,,16.300003,38.551437,
Serra,18,48,Abete Bianco,48,,613201,4267822,,,16.299111,38.551627,
Serra,19,1,Abete Bianco,51,,613018,4266499,,,16.296797,38.539731,
Serra,19,2,Douglas,45,,612998,4266534,,,16.296573,38.540049,
Serra,19,3,Abete Bianco,40,,612857,4267014,,,16.295034,38.544391,
Serra,19,3,Douglas,59,,612980,4266550,,,16.296370,38.540195,
Serra,19,4,Douglas,47,,612955,4266601,,,16.296091,38.540658,
Serra,19,5,Douglas,53,,612959,4266620,,,16.296140,38.540829,
Serra,19,6,Douglas,44,,612956,4266670,,,16.296114,38.541279,Lat originale d266670
Serra,19,7,Douglas,55,,612806,4266789,,,16.294412,38.542371,
Serra,19,8,Abete Bianco,63,,612928,4266717,,,16.295800,38.541706,
Serra,19,9,Abete Bianco,69,,612867,4266774,,,16.295109,38.542228,
Serra,19,10,Abete Bianco,73,,612844,4269625,,,16.295307,38.567917,
Serra,19,12,Pino Laricio,59,,612886,4266847,,,16.295339,38.542883,
Serra,19,13,Faggio,55,,612780,4266881,,,16.294129,38.543203,
Serra,19,14,Abete Bianco,37,,612882,4266889,,,16.295300,38.543262,
Serra,19,15,Abete Bianco,52,,612886,4266873,,,16.295343,38.543117,
Serra,19,16,Faggio,43,,612884,4266873,,,16.295321,38.543118,
Serra,19,17,Abete Bianco,41,,612939,4266879,,,16.295952,38.543165,
Serra,19,18,Abete Bianco,51,,612952,4296899,,,16.300989,38.813629,
Serra,19,19,Faggio,33,,612929,4266893,,,16.295840,38.543292,
Serra,19,20,Pino Laricio,55,,612832,4266847,,,16.294720,38.542890,
Serra,19,21,Pino Laricio,50,,612732,4266939,,,16.293587,38.543731,
Serra,19,22,Abete Bianco,51,,612737,4267912,,,16.293802,38.552497,
Serra,19,23,Castagno,38,,612710,4267930,,,16.293495,38.552663,
Serra,19,24,Abete Bianco,58,,612660,4267107,,,16.292789,38.545254,
Serra,19,25,Castagno,33,,612668,4267242,,,16.292902,38.546470,
Serra,19,26,Abete Bianco,49,,612660,4267305,,,16.292820,38.547038,
Serra,19,27,Abete Bianco,29,,612665,4267355,,,16.292886,38.547488,
Serra,19,28,Pino Laricio,58,,612653,4267448,,,16.292763,38.548327,
Serra,19,29,Abete Bianco,41,,612675,4267471,,,16.293019,38.548532,
Serra,19,30,Abete Bianco,51,,612751,4266976,,,16.293811,38.544062,
Serra,19,31,Abete Bianco,41,,612849,4267020,,,16.294943,38.544446,
Serra,19,32,Abete Bianco,46,,612852,4267015,,,16.294976,38.544401,Lon originale 6128524267015
Serra,19,34,Abete Bianco,68,,612838,4267037,,,16.294819,38.544601,
Serra,19,35,Abete Bianco,49,,613832,4267041,,,16.306223,38.544510,
Serra,19,36,Abete Bianco,38,,612839,4267051,,,16.294833,38.544727,
Serra,19,37,Abete Bianco,28,,612834,4267083,,,16.294781,38.545016,
Serra,19,38,Abete Bianco,35,,612822,4267140,,,16.294652,38.545531,
Serra,19,39,Abete Bianco,53,,612828,4267149,,,16.294723,38.545611,
Serra,19,40,Abete Bianco,49,,612827,4267156,,,16.294712,38.545675,
Serra,19,41,Abete Bianco,55,,612806,4266789,,,16.294412,38.542371,
Serra,19,41,Abete Bianco,54,,612821,4267164,,,16.294645,38.545747,
Serra,19,42,Abete Bianco,46,,612806,4267169,,,16.294473,38.545794,
Serra,19,43,Abete Bianco,43,,612786,4267165,,,16.294243,38.545761,
Serra,19,44,Abete Bianco,35,,612690,4267284,,,16.293161,38.546845,
Serra,19,45,Abete Bianco,38,,612733,4267269,,,16.293652,38.546705,
Serra,19,46,Abete Bianco,37,,612768,4267252,,,16.294051,38.546547,
Serra,19,47,Abete Bianco,35,,612879,4267201,,,16.295316,38.546073,
Serra,19,48,Abete Bianco,36,,612865,4267230,,,16.295160,38.546336,
Serra,19,49,Abete Bianco,46,,612763,4267315,,,16.294004,38.547115,
Serra,19,50,Abete Bianco,43,,612734,4267323,,,16.293672,38.547191,
Serra,19,51,Abete Bianco,35,,612791,4267306,,,16.294324,38.547031,
Serra,19,52,Abete Bianco,39,,612842,4267264,,,16.294902,38.546646,
Serra,19,53,Abete Bianco,47,,612818,4267265,,,16.294627,38.546658,
Serra,19,54,Abete Bianco,30,,612946,4267230,,,16.296090,38.546326,
Serra,19,55,Faggio,40,,612969,4267189,,,16.296347,38.545954,
Serra,19,56,Abete Bianco,39,,613013,4267329,,,16.296874,38.547210,
Serra,19,57,Abete Bianco,37,,612959,4267249,,,16.296242,38.546496,
Serra,19,58,Douglas,50,,612970,4267253,,,16.296369,38.546530,
Serra,19,59,Douglas,49,,612006,4267304,,,16.285317,38.547112,
Serra,19,60,Abete Bianco,31,,612907,4267301,,,16.295654,38.546971,
Serra,19,61,Abete Bianco,43,,612937,4267300,,,16.295998,38.546958,
Serra,19,62,Abete Bianco,26,,612937,4267341,,,16.296004,38.547327,
Serra,19,63,Abete Bianco,38,,612918,4267349,,,16.295788,38.547402,
Serra,19,64,Abete Bianco,50,,612907,4267367,,,16.295664,38.547565,
Serra,19,65,Abete Bianco,48,,612883,4267308,,,16.295379,38.547037,
Serra,19,66,Abete Bianco,40,,612863,4263321,,,16.294506,38.511117,
Serra,19,67,Abete Bianco,36,,612952,4267282,,,16.296167,38.546794,
Serra,19,68,Abete Bianco,41,,613003,4267271,,,16.296750,38.546688,
Serra,19,69,Abete Bianco,52,,613128,4267301,,,16.298189,38.546943,
Serra,19,70,Abete Bianco,43,,613086,4267319,,,16.297710,38.547110,
Serra,19,71,Abete Bianco,38,,612924,4267362,,,16.295858,38.547518,
Serra,19,72,Pino Laricio,47,,612924,4267387,,,16.295863,38.547743,
Serra,19,73,Pino Laricio,41,,612759,4267418,,,16.293974,38.548044,
Serra,19,74,Abete Bianco,42,,612719,4267445,,,16.293520,38.548292,
Serra,20,1,Abete Bianco,58,,613196,4267168,,,16.298948,38.545736,
Serra,20,2,Abete Bianco,41,,613152,4267157,,,16.298441,38.545642,
Serra,20,3,Douglas,48,,613130,4267197,,,16.298195,38.546005,
Serra,20,4,Douglas,62,,613052,4267176,,,16.297297,38.545826,
Serra,20,5,Abete Bianco,36,,613043,4267118,,,16.297184,38.545305,
Serra,20,6,Faggio,39,,613076,4267086,,,16.297558,38.545012,
Serra,20,7,Abete Bianco,69,,614097,4267628,,,16.309359,38.549765,
Serra,20,8,Abete Bianco,60,,614021,4267642,,,16.308490,38.549901,
Serra,20,9,Abete Bianco,60,,614045,4267589,,,16.308756,38.549420,
Serra,20,10,Abete Bianco,66,,614083,4267561,,,16.309188,38.549163,
Serra,20,11,Faggio,55,,614107,4267507,,,16.309454,38.548674,
Serra,20,12,Abete Bianco,48,,614021,4267535,,,16.308472,38.548937,
Serra,20,13,Abete Bianco,37,,613970,4267594,,,16.307897,38.549475,
Serra,20,14,Abete Rosso,40,,614045,4267482,,,16.308739,38.548456,
Serra,20,15,Farnia,43,,613839,4267530,,,16.306383,38.548915,
Serra,20,16,Faggio,58,,613910,4267533,,,16.307198,38.548933,
Serra,20,17,Faggio,43,,613955,4267519,,,16.307712,38.548801,
Serra,20,18,Castagno,63,,613979,4267465,,,16.307979,38.548312,
Serra,20,19,Castagno,62,,613934,4267479,,,16.307465,38.548444,
Serra,20,20,Abete Bianco,67,,613863,4267476,,,16.306650,38.548426,
Serra,20,21,Faggio,57,,613799,4267465,,,16.305914,38.548335,
Serra,20,22,Abete Bianco,64,,613823,4267412,,,16.306181,38.547854,
Serra,20,23,Abete Bianco,34,,613754,4267398,,,16.305387,38.547737,
Serra,20,24,Abete Bianco,45,,613778,4267344,,,16.305653,38.547247,
Serra,20,25,Abete Bianco,55,,613740,4267310,,,16.305212,38.546946,
Serra,20,26,Faggio,50,,613764,4267257,,,16.305478,38.546465,
Serra,20,27,Faggio,32,,613711,4267261,,,16.304871,38.546508,
Serra,21,1,Douglas,66,,613529,4267246,,,16.302781,38.546396,
Serra,21,2,Faggio,54,,613505,4267299,,,16.302514,38.546877,
Serra,21,3,Abete Bianco,57,,613453,4267318,,,16.301920,38.547054,
Serra,21,4,Abete Rosso,50,,613376,4267354,,,16.301043,38.547389,
Serra,21,5,Abete Rosso,45,,613289,4267392,,,16.300051,38.547742,
Serra,21,6,Douglas,49,,613214,4267422,,,16.299195,38.548022,
Serra,21,7,Abete Bianco,44,,613631,4267342,,,16.303966,38.547248,
Serra,21,8,Abete Bianco,44,,613663,4267390,,,16.304341,38.547676,
Serra,21,9,Abete Rosso,66,,613700,4267435,,,16.304773,38.548077,
Serra,21,10,Abete Rosso,48,,613732,4267484,,,16.305148,38.548514,
Serra,21,11,Faggio,48,,613700,4267435,,,16.304773,38.548077,
Serra,21,12,Douglas,62,,613732,4267484,,,16.305148,38.548514,
Serra,21,13,Douglas,44,,613700,4267435,,,16.304773,38.548077,
Serra,21,14,Abete Rosso,48,,613732,4267484,,,16.305148,38.548514,
Serra,21,15,Castagno,38,,613700,4267435,,,16.304773,38.548077,
Serra,21,16,Faggio,58,,613732,4267484,,,16.305148,38.548514,
Serra,21,17,Faggio,46,,613700,4267435,,,16.304773,38.548077,
Serra,21,18,Castagno,43,,613732,4267484,,,16.305148,38.548514,
Serra,21,18,Douglas,58,,613732,4267484,,,16.305148,38.548514,
Serra,21,18,Faggio,66,,613732,4267484,,,16.305148,38.548514,
Serra,21,19,Abete Bianco,49,,613700,4267435,,,16.304773,38.548077,
Serra,21,19,Castagno,38,,613700,4267435,,,16.304773,38.548077,
Serra,21,19,Douglas,49,,613700,4267435,,,16.304773,38.548077,
Serra,21,20,Abete Bianco,39,,613732,4267484,,,16.305148,38.548514,
Serra,21,20,Abete Bianco,56,,613732,4267484,,,16.305148,38.548514,
Serra,21,20,Douglas,66,,613732,4267484,,,16.305148,38.548514,
Serra,21,21,Douglas,41,,613700,4267435,,,16.304773,38.548077,
Serra,21,21,Faggio,37,,613700,4267435,,,16.304773,38.548077,
Serra,21,21,Faggio,44,,613700,4267435,,,16.304773,38.548077,
Serra,21,22,Abete Bianco,55,,613732,4267484,,,16.305148,38.548514,
Serra,21,22,Abete Bianco,56,,613732,4267484,,,16.305148,38.548514,
Serra,21,22,Faggio,43,,613732,4267484,,,16.305148,38.548514,
Serra,21,23,Douglas,54,,613700,4267435,,,16.304773,38.548077,
Serra,21,24,Faggio,52,,613732,4267484,,,16.305148,38.548514,
Serra,21,25,Abete Bianco,49,,613700,4267435,,,16.304773,38.548077,
Serra,21,26,Abete Rosso,53,,613732,4267484,,,16.305148,38.548514,
Serra,21,27,Abete Bianco,58,,613732,4267484,,,16.305148,38.548514,
Serra,21,28,Abete Bianco,45,,613700,4267435,,,16.304773,38.548077,
Serra,21,29,Abete Bianco,53,,613732,4267484,,,16.305148,38.548514,
Serra,21,30,Abete Bianco,49,,613700,4267435,,,16.304773,38.548077,
Serra,21,31,Douglas,55,,613732,4267484,,,16.305148,38.548514,
Serra,21,32,Douglas,49,,613700,4267435,,,16.304773,38.548077,
Serra,21,33,Douglas,39,,613732,4267484,,,16.305148,38.548514,
Serra,21,34,Abete Bianco,49,,613700,4267435,,,16.304773,38.548077,
Serra,21,35,Abete Bianco,56,,613732,4267484,,,16.305148,38.548514,
Serra,21,36,Castagno,36,,613700,4267435,,,16.304773,38.548077,
Serra,21,37,Douglas,66,,613732,4267484,,,16.305148,38.548514,
Serra,21,38,Faggio,44,,613700,4267435,,,16.304773,38.548077,
Serra,21,39,Abete Bianco,66,,613732,4267484,,,16.305148,38.548514,
Serra,22,1,Abete Bianco,60,,613351,4266469,,,16.300612,38.539418,
Serra,22,2,Faggio,47,,613355,4266474,,,16.300659,38.539463,
Serra,22,3,Abete Bianco,65,,613361,4266486,,,16.300730,38.539570,
Serra,22,4,Abete Bianco,39,,613364,4266498,,,16.300766,38.539678,
Serra,22,5,Abete Bianco,58,,613373,4266531,,,16.300875,38.539974,
Serra,22,6,Abete Bianco,48,,613391,4266560,,,16.301086,38.540233,
Serra,22,7,Abete Bianco,50,,613413,4266560,,,16.301338,38.540230,
Serra,22,8,Abete Bianco,60,,613413,4266662,,,16.301355,38.541149,
Serra,22,9,Abete Bianco,4,,613455,4266751,,,16.301851,38.541946,
Serra,22,10,Abete Bianco,44,,613470,4266873,,,16.302043,38.543043,
Serra,22,11,Castagno,46,,613492,4266949,,,16.302308,38.543725,
Serra,22,12,Abete Bianco,48,,613516,4266986,,,16.302589,38.544055,
Serra,22,13,Abete Bianco,42,,613520,4267009,,,16.302639,38.544262,
Serra,22,14,Abete Bianco,40,,613516,4267014,,,16.302594,38.544307,
Serra,22,15,Faggio,40,,613481,4267020,,,16.302193,38.544366,
Serra,22,16,Castagno,43,,613477,4267012,,,16.302146,38.544294,
Serra,22,17,Abete Bianco,53,,613450,4266997,,,16.301834,38.544163,
Serra,22,18,Abete Bianco,39,,613335,4266895,,,16.300498,38.543258,
Serra,22,19,Abete Bianco,46,,613339,4266883,,,16.300542,38.543150,
Serra,22,20,Abete Bianco,37,,613349,4266868,,,16.300654,38.543013,
Serra,22,21,Abete Bianco,36,,613325,4266758,,,16.300361,38.542025,
Serra,22,22,Douglas,58,,613312,4266752,,,16.300211,38.541973,
Serra,22,23,Douglas,49,,613292,4266758,,,16.299982,38.542030,
Serra,22,24,Douglas,34,,613263,4266757,,,16.299650,38.542024,
Serra,22,25,Abete Bianco,47,,613261,4266754,,,16.299626,38.541997,Lat orig 0.4266754
Serra,22,26,Abete Bianco,45,,613256,4266707,,,16.299561,38.541575,
Serra,22,27,Abete Bianco,46,,613272,4266700,,,16.299744,38.541510,
Serra,22,28,Douglas,48,,613295,4266692,,,16.300006,38.541434,
Serra,22,29,Abete Bianco,51,,613324,4266683,,,16.300337,38.541350,
Serra,22,30,Abete Bianco,49,,613335,4266685,,,16.300464,38.541366,
Serra,22,31,Abete Bianco,36,,613335,4266452,,,16.300426,38.539267,
Serra,22,32,Abete Bianco,47,,613313,4266466,,,16.300176,38.539396,
Serra,22,33,Faggio,39,,613292,4266483,,,16.299938,38.539552,
Serra,22,34,Abete Bianco,42,,613217,4266566,,,16.299091,38.540309,
Serra,22,35,Abete Bianco,46,,613201,4266580,,,16.298910,38.540437,
Serra,22,36,Faggio,42,,613157,4266603,,,16.298409,38.540650,
Serra,22,37,Abete Bianco,44,,613152,4266606,,,16.298352,38.540678,
Serra,22,38,Faggio,44,,613147,4266602,,,16.298294,38.540642,
Serra,22,39,Abete Bianco,48,,613146,4266595,,,16.298281,38.540580,
Serra,22,40,Abete Bianco,28,,613133,4266580,,,16.298130,38.540446,
Serra,22,41,Faggio,38,,613119,4266580,,,16.297969,38.540448,
Serra,22,42,Faggio,55,,613115,4266581,,,16.297923,38.540457,
Serra,22,43,Faggio,43,,613106,4266587,,,16.297821,38.540513,
Serra,22,44,Faggio,34,,613089,4266602,,,16.297628,38.540650,
Serra,22,45,Abete Bianco,35,,613086,4266616,,,16.297596,38.540776,
Serra,22,46,Abete Bianco,50,,613079,4266646,,,16.297521,38.541048,
Serra,22,47,Abete Bianco,43,,613089,4266692,,,16.297643,38.541461,
Serra,22,48,Abete Bianco,38,,613133,4266726,,,16.298153,38.541761,
Serra,22,49,Douglas,53,,613120,4266809,,,16.298018,38.542511,
Serra,22,50,Douglas,30,,613110,4266809,,,16.297903,38.542512,
Serra,23,1,Abete Bianco,51,28,613783,4266162,,,16.305518,38.536597,
Serra,23,2,Abete Bianco,59,29,613780,4266162,,,16.305484,38.536597,
Serra,23,3,Abete Bianco,43,28,613765,4266267,,,16.305329,38.537545,
Serra,23,4,Abete Bianco,44,26,613783,4266339,,,16.305547,38.538192,
Serra,23,5,Abete Bianco,34,26,613746,4266483,,,16.305146,38.539494,
Serra,23,6,Abete Bianco,54,28,713743,4266511,,,17.451795,38.521344,
Serra,23,7,Abete Bianco,43,27,613777,4266571,,,16.305516,38.540283,
Serra,23,8,Faggio,37,23,613834,4266727,,,16.306195,38.541681,
Serra,23,9,Abete Bianco,38,27,613819,4266796,,,16.306034,38.542305,
Serra,23,10,Abete Bianco,37,31,613826,4266880,,,16.306128,38.543061,
Serra,23,11,Faggio,42,24,613836,4266962,,,16.306256,38.543798,
Serra,23,12,Faggio,53,26,613841,4267055,,,16.306329,38.544635,
Serra,23,13,Castagno,34,23,613838,4267076,,,16.306298,38.544825,
Serra,23,14,Faggio,51,26,613841,4267172,,,16.306348,38.545689,
Serra,23,15,Castagno,32,25,613878,4267252,,,16.306786,38.546405,
Serra,23,16,Abete Bianco,40,30,613898,4267283,,,16.307020,38.546682,
Serra,23,17,Faggio,23,22,613905,4267348,,,16.307111,38.547267,
Serra,23,18,Faggio,49,24,613919,4267339,,,16.307270,38.547184,
Serra,23,19,Farnia,34,23,613931,4267324,,,16.307405,38.547047,
Serra,23,20,Abete Bianco,53,32,613927,4267232,,,16.307344,38.546219,
Serra,23,21,Farnia,45,26,613957,4267088,,,16.307665,38.544918,
Serra,23,22,Abete Bianco,34,27,613948,4267032,,,16.307553,38.544414,
Serra,23,23,Faggio,41,26,613608,4266322,,,16.303537,38.538061,
Serra,23,24,Faggio,33,27,613611,4266321,,,16.303571,38.538052,
Serra,23,25,Abete Bianco,42,31,613614,4266324,,,16.303606,38.538078,
Serra,23,26,Faggio,29,26,613619,4266363,,,16.303669,38.538429,
Serra,23,27,Farnia,34,26,613647,4266428,,,16.304001,38.539011,
Serra,23,28,Farnia,59,27,613660,4266435,,,16.304152,38.539072,
Serra,23,29,Farnia,49,27,613714,4266442,,,16.304772,38.539129,
Serra,23,30,Farnia,38,25,613711,4266433,,,16.304736,38.539048,
Serra,23,31,Faggio,38,27,614715,4266415,,,16.316251,38.538757,
Serra,23,32,Faggio,56,26,613665,4266382,,,16.304200,38.538594,
Serra,23,33,Abete Bianco,34,29,613572,4266380,,,16.303133,38.538588,
Serra,23,34,Castagno,27,28,614561,4266408,,,16.314483,38.538714,
Serra,23,35,Faggio,39,26,613562,4266486,,,16.303036,38.539544,
Serra,23,36,Farnia,36,25,613593,4266558,,,16.303403,38.540189,
Serra,23,37,Faggio,32,29,613661,4266569,,,16.304185,38.540280,
Serra,23,38,Farnia,48,27,613665,4266579,,,16.304232,38.540369,
Serra,23,39,Farnia,35,25,613684,4266600,,,16.304454,38.540556,
Serra,23,40,Farnia,39,27,613704,4266641,,,16.304690,38.540923,
Serra,23,41,Castagno,39,27,613705,4266643,,,16.304702,38.540941,
Serra,23,42,Abete Bianco,46,29,613616,4266670,,,16.303685,38.541195,
Serra,23,43,Abete Bianco,56,31,613634,4266706,,,16.303897,38.541517,
Serra,23,44,Abete Bianco,36,29,613638,4266715,,,16.303945,38.541598,
Serra,23,45,Farnia,27,26,613651,4266753,,,16.304100,38.541939,
Serra,23,46,Abete Bianco,48,31,613674,4266797,,,16.304371,38.542332,
Serra,23,47,Faggio,33,29,613693,4266843,,,16.304597,38.542744,
Serra,23,48,Abete Bianco,39,28,613694,4266844,,,16.304608,38.542753,
Serra,23,49,Abete Bianco,34,28,613694,4266844,,,16.304608,38.542753,
Serra,23,50,Abete Bianco,43,29,613694,4266845,,,16.304608,38.542762,
Serra,23,51,Abete Bianco,51,30,613694,4266846,,,16.304608,38.542771,
Serra,23,52,Abete Bianco,43,29,613694,4266847,,,16.304609,38.542780,
Serra,23,53,Abete Bianco,41,27,613597,4266813,,,16.303490,38.542486,
Serra,23,54,Castagno,30,26,613592,4266795,,,16.303430,38.542325,
Serra,23,55,Abete Bianco,46,29,613592,4266788,,,16.303429,38.542262,
Serra,23,56,Abete Bianco,40,28,613594,4266785,,,16.303451,38.542234,
Serra,23,57,Abete Bianco,42,30,613610,4266717,,,16.303624,38.541620,
Serra,23,58,Abete Bianco,39,29,613605,4266707,,,16.303565,38.541530,
Serra,23,59,Abete Bianco,42,28,613596,4266699,,,16.303460,38.541459,
Serra,23,60,Abete Bianco,45,29,613564,4266674,,,16.303089,38.541238,
Serra,23,61,Abete Bianco,55,30,613561,4266662,,,16.303053,38.541130,
Serra,23,62,Abete Bianco,39,29,613528,4266454,,,16.302640,38.539260,
Serra,23,63,Abete Bianco,41,30,613522,4266452,,,16.302571,38.539243,
Serra,23,64,Faggio,42,26,613517,4266452,,,16.302514,38.539244,
Serra,23,65,Abete Bianco,58,31,613512,4266453,,,16.302457,38.539253,
Serra,23,66,Abete Bianco,49,32,613509,4266456,,,16.302423,38.539281,
Serra,23,67,Abete Bianco,38,30,613514,4266473,,,16.302483,38.539433,
Serra,23,68,Abete Bianco,46,29,613525,4266485,,,16.302611,38.539540,
Serra,23,69,Abete Bianco,48,30,613535,4266511,,,16.302730,38.539773,
Serra,23,70,Abete Bianco,29,23,613533,4266513,,,16.302707,38.539791,
Serra,23,71,Abete Bianco,40,29,613531,4266515,,,16.302685,38.539810,
Serra,23,72,Abete Bianco,49,31,613534,4266536,,,16.302723,38.539998,
Serra,24,1,Abete Bianco,29,,613905,4266175,,,16.306920,38.536699,
Serra,24,2,Abete Bianco,44,,613807,4266249,,,16.305808,38.537378,
Serra,24,3,Abete Bianco,44,,613801,4266312,,,16.305749,38.537946,
Serra,24,4,Abete Bianco,47,,613804,4266384,,,16.305795,38.538595,Lat orig 426C384
Serra,24,5,Castagno,30,,613812,4266511,,,16.305908,38.539738,
Serra,24,7,Abete Bianco,53,,613826,4266572,,,16.306078,38.540286,
Serra,24,8,Abete Bianco,40,,613850,4266617,,,16.306361,38.540688,
Serra,24,9,Abete Bianco,43,,613898,4266718,,,16.306928,38.541592,
Serra,24,10,Abete Bianco,53,,613924,4266759,,,16.307233,38.541958,
Serra,24,11,Abete Bianco,70,,613924,4266780,,,16.307236,38.542147,
Serra,24,12,Abete Bianco,47,,613938,4266853,,,16.307409,38.542803,
Serra,24,13,Farnia,28,,613984,4266883,,,16.307941,38.543067,
Serra,24,14,Farnia,51,,614000,4266892,,,16.308126,38.543146,
Serra,24,15,Farnia,44,,614015,4266892,,,16.308298,38.543144,
Serra,24,16,Abete Bianco,46,,614055,4266835,,,16.308748,38.542626,
Serra,24,17,Farnia,43,,614082,4266865,,,16.309063,38.542893,
Serra,24,18,Abete Bianco,47,,614092,4266938,,,16.309189,38.543549,
Serra,24,19,Abete Bianco,51,,614106,4266966,,,16.309355,38.543799,
Serra,24,20,Castagno,47,,614027,4267013,,,16.308456,38.544233,
Serra,24,21,Abete Bianco,46,,614019,4267063,,,16.308372,38.544685,
Serra,24,22,Farnia,37,,614017,4267091,,,16.308354,38.544937,
Serra,24,23,Farnia,29,,614048,4267128,,,16.308716,38.545266,
Serra,24,24,Farnia,42,,614039,4267164,,,16.308618,38.545592,
Serra,24,25,Farnia,38,,614019,4267170,,,16.308390,38.545649,
Serra,24,26,Castagno,33,,613984,4267236,,,16.307999,38.546248,
Serra,24,27,Abete Bianco,45,,613998,4267250,,,16.308162,38.546372,
Serra,24,28,Farnia,41,,614034,4267238,,,16.308573,38.546259,
Serra,24,29,Farnia,43,,614052,4267232,,,16.308778,38.546203,
Serra,24,30,Farnia,33,,614019,4267170,,,16.308390,38.545649,
Serra,24,31,Farnia,34,,613984,4267236,,,16.307999,38.546248,
Serra,24,32,Farnia,51,,613998,4267250,,,16.308162,38.546372,
Serra,24,33,Abete Bianco,39,,614034,4267238,,,16.308573,38.546259,
Serra,24,34,Farnia,51,,614052,4267232,,,16.308778,38.546203,
Serra,24,35,Abete Bianco,38,,614019,4267170,,,16.308390,38.545649,
Serra,24,36,Abete Bianco,34,,613984,4267236,,,16.307999,38.546248,
Serra,24,37,Abete Bianco,43,,613998,4267250,,,16.308162,38.546372,
Serra,24,38,Abete Bianco,27,,614034,4267238,,,16.308573,38.546259,
Serra,24,39,Abete Bianco,50,,614052,4267232,,,16.308778,38.546203,
Serra,24,40,Abete Bianco,41,,614019,4267170,,,16.308390,38.545649,
Serra,24,41,Abete Bianco,28,,613984,4267236,,,16.307999,38.546248,
Serra,24,42,Castagno,24,,613998,4267250,,,16.308162,38.546372,
Serra,24,43,Castagno,41,,614034,4267238,,,16.308573,38.546259,
Serra,24,44,Abete Bianco,33,,614052,4267232,,,16.308778,38.546203,
Serra,24,45,Abete Bianco,45,,614224,4266257,,,16.310592,38.537396,
Serra,24,46,Abete Bianco,29,,614157,4266239,,,16.309821,38.537243,
Serra,24,47,Abete Bianco,38,,614142,4266281,,,16.309656,38.537623,
Serra,24,48,Abete Bianco,50,,614107,4266334,,,16.309263,38.538105,
Serra,24,49,Abete Bianco,63,,614093,4266348,,,16.309104,38.538233,
Serra,24,50,Faggio,47,,614081,4266357,,,16.308968,38.538316,
Serra,24,51,Abete Bianco,44,,614074,4266376,,,16.308891,38.538488,
Serra,24,52,Abete Bianco,54,,614058,4266427,,,16.308716,38.538949,
Serra,24,53,Castagno,28,,614045,4266459,,,16.308572,38.539239,
Serra,24,54,Abete Bianco,37,,614037,4266478,,,16.308483,38.539412,
Serra,24,55,Abete Bianco,45,,614035,4266501,,,16.308464,38.539619,
Serra,24,56,Farnia,37,,613998,4266576,,,16.308052,38.540300,
Serra,24,57,Farnia,28,,613999,4266582,,,16.308064,38.540353,
Serra,24,58,Abete Bianco,49,,613978,4266613,,,16.307828,38.540635,
Serra,24,59,Abete Bianco,49,,613984,4266627,,,16.307900,38.540761,
Serra,24,60,Farnia,44,,614008,4266640,,,16.308177,38.540875,
Serra,24,61,Abete Bianco,36,,614037,4266666,,,16.308514,38.541105,
Serra,24,62,Douglas,35,,614049,4266675,,,16.308653,38.541185,
Serra,24,63,Abete Bianco,45,,614062,4266682,,,16.308803,38.541246,
Serra,24,64,Douglas,46,,614088,4266694,,,16.309104,38.541351,
Serra,24,65,Douglas,45,,614108,4266706,,,16.309335,38.541457,
Serra,24,66,Castagno,45,,614182,4266748,,,16.310191,38.541826,
Serra,24,67,Abete Bianco,47,,614241,4266726,,,16.310864,38.541620,
Serra,24,68,Castagno,42,,614225,4266698,,,16.310676,38.541370,
Serra,24,69,Douglas,47,,614211,4266689,,,16.310514,38.541290,
Serra,24,70,Abete Bianco,57,,614192,4266674,,,16.310293,38.541158,
Serra,24,71,Abete Bianco,38,,614182,4266660,,,16.310176,38.541033,
Serra,24,72,Abete Bianco,40,,614147,4266645,,,16.309772,38.540902,
Serra,24,73,Faggio,32,,614152,4266562,,,16.309816,38.540154,
Serra,24,74,Abete Bianco,30,,614163,4266570,,,16.309944,38.540224,
Serra,24,75,Castagno,31,,614186,4266594,,,16.310211,38.540438,
Serra,24,76,Abete Bianco,54,,614239,4266626,,,16.310825,38.540719,
Serra,24,77,Abete Bianco,56,,614274,4266619,,,16.311225,38.540652,
Serra,24,78,Abete Bianco,55,,614279,4266607,,,16.311280,38.540543,
Serra,24,79,Tasso,18,,614247,4266569,,,16.310907,38.540205,
Serra,24,80,Tasso,19,,614247,4266568,,,16.310907,38.540196,
Serra,24,81,Castagno,44,,614230,4266537,,,16.310707,38.539918,
Serra,24,82,Abete Bianco,38,,614236,4266524,,,16.310774,38.539800,
Serra,24,83,Faggio,34,,614294,4266410,,,16.311420,38.538766,
Serra,24,84,Pino Laricio,56,,614275,4266314,,,16.311187,38.537903,
Serra,24,85,Pino Laricio,72,,614221,4266341,,,16.310572,38.538154,
Serra,24,86,Abete Bianco,42,,614196,4266363,,,16.310288,38.538355,
Serra,24,87,Abete Bianco,49,,614176,4266384,,,16.310062,38.538547,
Serra,24,88,Abete Bianco,24,,614258,4266881,,,16.311084,38.543014,
Serra,24,89,Abete Bianco,29,,614232,4266970,,,16.310801,38.543819,
Serra,24,90,Abete Bianco,22,,614232,4267113,,,16.310824,38.545108,
Serra,24,91,Abete Bianco,32,,614231,4267128,,,16.310815,38.545243,
Serra,24,92,Faggio,32,,614217,4267149,,,16.310658,38.545434,
Serra,24,93,Faggio,29,,614208,4267209,,,16.310564,38.545976,
Serra,24,94,Faggio,32,,614192,4267256,,,16.310389,38.546401,
Serra,24,95,Abete Bianco,35,,614180,4267265,,,16.310252,38.546484,
Serra,24,96,Abete Bianco,47,,614165,4267316,,,16.310089,38.546945,
Serra,24,97,Abete Bianco,29,,614156,4267339,,,16.309989,38.547154,
Serra,24,98,Abete Bianco,40,,614149,4267349,,,16.309910,38.547245,
Serra,24,99,Farnia,18,,614119,4267404,,,16.309575,38.547744,
Serra,24,100,Abete Bianco,59,,614091,4267417,,,16.309256,38.547865,
Serra,24,101,Abete Bianco,50,,614099,4267428,,,16.309350,38.547963,
Serra,24,102,Abete Bianco,55,,614097,4267435,,,16.309328,38.548026,
Serra,24,G,Abete Bianco,46,,613810,4266555,,,16.305892,38.540134,
Serra,25,1,Abete Bianco,45,,614237,4267413,,,16.310930,38.547810,
Serra,25,2,Abete Bianco,50,,614243,4267378,,,16.310994,38.547494,
Serra,25,3,Abete Bianco,65,,614268,4267394,,,16.311283,38.547635,
Serra,25,4,Abete Rosso,67,,614277,4267417,,,16.311390,38.547841,
Serra,25,5,Abete Rosso,57,,614299,4267394,,,16.311639,38.547631,
Serra,25,6,Abete Bianco,64,,614260,4267335,,,16.311182,38.547104,
Serra,25,7,Abete Bianco,34,,614307,4267367,,,16.311726,38.547387,
Serra,25,8,Abete Bianco,45,,614321,4267394,,,16.311891,38.547628,
Serra,25,9,Abete Bianco,55,,614361,4267377,,,16.312347,38.547470,
Serra,25,10,Abete Bianco,66,,614370,4267321,,,16.312441,38.546964,
Serra,25,11,Abete Bianco,55,,614378,4267388,,,16.312544,38.547567,
Serra,25,12,Abete Bianco,48,,614384,4267202,,,16.312582,38.545890,
Serra,25,13,Faggio,37,,614389,4267248,,,16.312647,38.546304,
Serra,25,14,Faggio,55,,614329,4267232,,,16.311956,38.546167,
Serra,25,15,Faggio,48,,614373,4267460,,,16.312498,38.548216,
Serra,25,16,Abete Bianco,57,,614373,4267472,,,16.312500,38.548324,
Serra,25,17,Abete Bianco,53,,614364,4267512,,,16.312404,38.548686,
Serra,25,18,Abete Bianco,50,,614373,4268563,,,16.312679,38.558154,
Serra,25,19,Abete Bianco,46,,614373,4268596,,,16.312685,38.558451,
Serra,25,20,Abete Bianco,68,,614375,4268649,,,16.312716,38.558928,
Serra,25,21,Pino Laricio,62,,614377,4268681,,,16.312744,38.559216,
Serra,25,22,Abete Bianco,64,,614323,4267201,,,16.311882,38.545889,
Serra,25,23,Abete Bianco,34,,614371,4267157,,,16.312426,38.545486,
Serra,25,24,Abete Bianco,45,,614291,4267083,,,16.311496,38.544830,
Serra,25,25,Abete Bianco,55,,614321,4266980,,,16.311823,38.543898,
Serra,25,26,Abete Bianco,50,,614367,4266625,,,16.312293,38.540694,
Serra,25,27,Castagno,32,,614343,4266554,,,16.312006,38.540057,
Serra,25,28,Abete Bianco,49,,614369,4266136,,,16.312236,38.536288,
Serra,25,29,Abete Bianco,58,,614327,4266139,,,16.311754,38.536320,
Serra,25,30,Pino Laricio,55,,614386,4266100,,,16.312425,38.535961,
Serra,25,31,Abete Bianco,40,,614362,4266582,,,16.312229,38.540307,
Serra,25,32,Abete Bianco,48,,614396,4266567,,,16.312616,38.540167,
Serra,25,33,Abete Bianco,55,,614487,4266912,,,16.313717,38.543264,
Serra,25,34,Abete Bianco,52,,614438,4266886,,,16.313150,38.543036,
Serra,25,35,Abete Bianco,46,,614470,4266850,,,16.313511,38.542708,
Serra,25,36,Pino Laricio,42,,614178,4266156,,,16.310048,38.536492,
Serra,25,37,Abete Bianco,40,,614183,4266188,,,16.310111,38.536780,
Serra,25,38,Abete Bianco,48,,614179,4266127,,,16.310055,38.536231,
Serra,25,39,Abete Bianco,55,,614186,4266193,,,16.310146,38.536825,
Serra,25,40,Abete Bianco,52,,614180,4266166,,,16.310073,38.536582,
Serra,25,41,Abete Bianco,49,,614192,4266151,,,16.310208,38.536446,
Serra,25,42,Abete Bianco,56,,614445,4266402,,,16.313151,38.538674,
Serra,25,43,Abete Bianco,38,,614409,4266402,,,16.312738,38.538679,
Serra,25,44,Abete Bianco,54,,612741,4268640,,,16.293965,38.559056,
Serra,25,45,Abete Bianco,57,,612802,4268689,,,16.294673,38.559490,
Serra,25,46,Abete Bianco,40,,612827,4266738,,,16.294645,38.541908,
Serra,25,47,Abete Bianco,47,,612867,4266758,,,16.295107,38.542084,
Serra,25,48,Faggio,26,,613196,4266819,,,16.298891,38.542591,
Serra,25,49,Abete Bianco,62,,613199,4266766,,,16.298917,38.542113,
Serra,25,50,Abete Bianco,57,,613178,4266711,,,16.298667,38.541621,
Serra,25,51,Abete Bianco,58,,612892,4266807,,,16.295402,38.542522,
Serra,25,52,Abete Bianco,43,,613168,4266663,,,16.298545,38.541189,
Serra,25,53,Abete Rosso,34,,614441,4266437,,,16.313111,38.538990,
Serra,25,54,Douglas,58,,612800,4266848,,,16.294353,38.542903,
Serra,25,55,Abete Bianco,57,,613071,4266600,,,16.297422,38.540634,
Serra,25,56,Castagno,38,,613055,4266555,,,16.297231,38.540231,
Serra,25,57,Abete Bianco,45,,614502,4266387,,,16.313803,38.538532,
Serra,25,58,Abete Bianco,45,,612810,4268882,,,16.294796,38.561227,
Serra,25,59,Faggio,40,,612932,4268557,,,16.296144,38.558284,
Serra,25,60,Faggio,52,,614536,4266420,,,16.314198,38.538825,
Serra,25,61,Abete Bianco,50,,614600,4266524,,,16.314949,38.539754,
Serra,25,62,Castagno,27,,612532,4266720,,,16.291258,38.541784,
Serra,25,63,Abete Bianco,56,,612569,4266714,,,16.291681,38.541725,
Serra,25,64,Abete Bianco,38,,613149,4266849,,,16.298357,38.542868,
Serra,25,65,Abete Bianco,54,,612621,4266617,,,16.292262,38.540844,
Serra,25,66,Abete Bianco,57,,613106,4266894,,,16.297871,38.543279,
Serra,25,67,Abete Bianco,58,,613140,4266912,,,16.298264,38.543436,
Serra,25,68,Abete Bianco,34,,612569,4266714,,,16.291681,38.541725,
Serra,25,69,Abete Bianco,57,,612840,4266850,,,16.294812,38.542916,
Serra,25,70,Abete Bianco,52,,613217,4266898,,,16.299145,38.543300,
Serra,25,71,Abete Bianco,40,,614620,4266559,,,16.315184,38.540066,
Serra,25,72,Abete Bianco,36,,614600,4266736,,,16.314984,38.541664,
Serra,25,73,Abete Bianco,38,,614515,4266714,,,16.314005,38.541476,
Serra,25,74,Abete Bianco,52,,614627,4266730,,,16.315293,38.541606,
Serra,25,75,Abete Bianco,55,,614579,4266790,,,16.314752,38.542153,
Serra,25,76,Abete Bianco,54,,614621,4266730,,,16.315224,38.541607,
Serra,25,77,Pino Laricio,43,,614621,4266874,,,16.315248,38.542904,
Serra,25,78,Abete Bianco,45,,614572,4267056,,,16.314715,38.544550,
Serra,25,79,Abete Bianco,40,,614553,4267088,,,16.314503,38.544841,
Serra,25,80,Abete Bianco,48,,614641,4267134,,,16.315520,38.545244,
Serra,25,81,Abete Bianco,53,,614611,4267142,,,16.315177,38.545320,
Serra,25,82,Pino Laricio,47,,614621,4267165,,,16.315295,38.545526,
Serra,25,83,Abete Bianco,43,,614592,4267195,,,16.314968,38.545800,
Serra,25,84,Abete Bianco,45,,614591,4267173,,,16.314952,38.545602,
Serra,25,85,Abete Bianco,40,,614612,4267163,,,16.315192,38.545509,
Serra,25,86,Abete Bianco,48,,614516,4267222,,,16.314100,38.546053,
Serra,25,87,Abete Bianco,53,,614552,4266961,,,16.314470,38.543697,
Serra,25,88,Abete Bianco,58,,614514,4266991,,,16.314039,38.543972,
Serra,26,1,Abete Bianco,48,,614744,4267306,,,16.316730,38.546781,
Serra,26,2,Abete Bianco,52,,614716,4267339,,,16.316414,38.547082,
Serra,26,3,Abete Bianco,58,,614700,4267381,,,16.316237,38.547462,
Serra,26,4,Faggio,53,,614663,4267392,,,16.315814,38.547566,
Serra,26,5,Abete Bianco,45,,614620,4267430,,,16.315327,38.547914,
Serra,26,6,Abete Bianco,42,,614578,4267473,,,16.314853,38.548307,
Serra,26,7,Abete Bianco,41,,614560,4267544,,,16.314658,38.548949,
Serra,26,8,Abete Bianco,58,,614513,4267585,,,16.314125,38.549324,
Serra,26,9,Abete Bianco,59,,614482,4267658,,,16.313781,38.549986,
Serra,26,10,Abete Bianco,56,,614419,4267708,,,16.313067,38.550444,
Serra,26,11,Abete Bianco,51,,614390,4267754,,,16.312742,38.550863,
Serra,26,12,Abete Bianco,45,,614378,4267815,,,16.312614,38.551414,
Serra,26,13,Abete Bianco,56,,614354,4267852,,,16.312345,38.551750,
Serra,26,14,Abete Bianco,49,,614326,4267879,,,16.312028,38.551997,
Serra,26,15,Abete Bianco,50,,614303,4267906,,,16.311768,38.552243,
Serra,26,16,Faggio,34,,614269,4267921,,,16.311381,38.552383,
Serra,26,17,Faggio,41,,614236,4267852,,,16.310991,38.551765,
Serra,26,18,Abete Bianco,47,,614211,4267823,,,16.310699,38.551507,
Serra,26,19,Abete Bianco,49,,614223,4267792,,,16.310832,38.551226,
Serra,26,20,Faggio,64,,614257,4267779,,,16.311220,38.551105,
Serra,26,21,Faggio,49,,614247,4267746,,,16.311100,38.550809,
Serra,26,22,Abete Bianco,49,,614247,426771,,,16.028973,3.860448,
Serra,26,23,Castagno,33,,614229,4267667,,,16.310880,38.550099,
Serra,26,24,Abete Bianco,55,,614292,4267672,,,16.311604,38.550136,
Serra,26,25,Abete Bianco,59,,614297,4267740,,,16.311672,38.550748,
Serra,26,26,Abete Bianco,64,,614324,4267701,,,16.311976,38.550394,
Serra,26,27,Abete Bianco,43,,614632,4267286,,,16.315441,38.546615,
Serra,26,28,Abete Bianco,57,,614585,4267384,,,16.314918,38.547504,
Serra,26,29,Abete Bianco,51,,614521,4267510,,,16.314205,38.548647,
Serra,26,30,Castagno,27,,614471,4267551,,,16.313638,38.549023,
Serra,26,31,Castagno,39,,614435,4267605,,,16.313234,38.549514,
Serra,26,32,Abete Bianco,41,,614410,4267657,,,16.312955,38.549986,
Serra,26,33,Abete Bianco,63,,614252,4267640,,,16.311140,38.549853,
Serra,26,34,Abete Bianco,48,,614249,4267591,,,16.311097,38.549412,
Serra,26,35,Abete Bianco,45,,614263,4267534,,,16.311249,38.548897,
Serra,26,36,Faggio,41,,614340,4267480,,,16.312123,38.548400,
Serra,26,37,Castagno,41,,614404,4267436,,,16.312850,38.547996,
Serra,26,38,Abete Bianco,34,,614457,4267418,,,16.313455,38.547827,
Serra,26,39,Castagno,27,,614408,4267500,,,16.312907,38.548572,
Serra,27,1,Faggio,52,,614809,4267335,,,16.317480,38.547034,
Serra,27,2,Abete Bianco,58,,614776,4267520,,,16.317132,38.548705,
Serra,27,3,Abete Bianco,57,,614672,4267531,,,16.315941,38.548817,
Serra,27,4,Faggio,45,,614746,4267604,,,16.316801,38.549465,
Serra,27,5,Abete Bianco,64,,614636,4267615,,,16.315541,38.549579,
Serra,27,6,Abete Bianco,55,,614617,4267674,,,16.315333,38.550113,
Serra,27,7,Castagno,47,,614680,4267673,,,16.316056,38.550095,
Serra,27,8,Faggio,46,,614804,4267615,,,16.317469,38.549557,
Serra,27,9,Castagno,62,,614684,4267709,,,16.316107,38.550419,
Serra,27,10,Faggio,64,,614660,4267707,,,16.315832,38.550404,
Serra,27,11,Castagno,64,,614729,4267706,,,16.316623,38.550386,
Serra,27,12,Abete Bianco,66,,614844,4267640,,,16.317932,38.549777,
Serra,27,13,Faggio,56,,614906,4267723,,,16.318657,38.550517,
Serra,27,14,Castagno,52,,614930,4267760,,,16.318938,38.550847,
Serra,27,15,Abete Bianco,59,,614762,4267814,,,16.317020,38.551355,
Serra,27,16,Pino Laricio,62,,614696,4267784,,,16.316257,38.551093,
Serra,27,17,Faggio,30,,614677,4267843,,,16.316049,38.551628,
Serra,27,18,Castagno,45,,614761,4267739,,,16.316996,38.550680,
Serra,27,19,Abete Bianco,40,,614741,4267860,,,16.316786,38.551772,
Serra,27,20,Pino Laricio,37,,614765,4267861,,,16.317062,38.551778,
Serra,27,21,Faggio,50,,614821,4267845,,,16.317702,38.551627,
Serra,27,22,Abete Bianco,45,,614980,4267784,,,16.319516,38.551057,
Serra,27,23,Abete Bianco,52,,614984,4267831,,,16.319569,38.551480,
Serra,27,24,Abete Rosso,51,,614925,4267876,,,16.318900,38.551893,
Serra,27,25,Abete Bianco,65,,614872,4267881,,,16.318293,38.551945,
Serra,27,26,Farnia,33,,614783,4267914,,,16.317277,38.552254,
Serra,27,27,Faggio,36,,614809,4267942,,,16.317580,38.552502,
Serra,27,28,Abete Rosso,42,,614786,4267961,,,16.317319,38.552677,
Serra,27,29,Abete Rosso,45,,614757,4267928,,,16.316981,38.552383,
Serra,27,30,Abete Bianco,59,,614724,4267953,,,16.316606,38.552612,
Serra,27,31,Faggio,62,,614722,4267925,,,16.316579,38.552360,
Serra,27,32,Abete Bianco,37,,614701,4267899,,,16.316334,38.552129,
Serra,27,33,Abete Bianco,54,,614608,4267821,,,16.315254,38.551438,
Serra,27,34,Abete Rosso,39,,614590,4267843,,,16.315051,38.551639,
Serra,27,35,Abete Bianco,48,,614652,4267905,,,16.315772,38.552189,
Serra,27,36,Pino Laricio,40,,614555,4267827,,,16.314647,38.551499,
Serra,27,37,Abete Rosso,65,,614696,4267967,,,16.316287,38.552742,
Serra,27,38,Faggio,41,,614728,4268000,,,16.316660,38.553035,
Serra,27,39,Abete Bianco,52,,614703,4267999,,,16.316373,38.553030,
Serra,27,40,Abete Bianco,39,,614554,4267886,,,16.314645,38.552031,
Serra,27,41,Abete Bianco,37,,614624,4267989,,,16.315465,38.552950,
Serra,27,42,Abete Bianco,59,,614645,4267961,,,16.315701,38.552695,
Serra,27,43,Faggio,36,,614599,4267921,,,16.315167,38.552340,
Serra,27,44,Abete Bianco,40,,614574,4267988,,,16.314891,38.552947,
Serra,27,45,Abete Bianco,41,,614497,4267992,,,16.314008,38.552993,
Serra,27,46,Faggio,48,,614531,4267968,,,16.314395,38.552773,
Serra,27,47,Castagno,58,,614435,4267994,,,16.313297,38.553019,
Serra,27,48,Abete Bianco,52,,614441,4268042,,,16.313374,38.553451,
Serra,27,49,Castagno,42,,614445,4268089,,,16.313428,38.553874,
Serra,27,50,Abete Bianco,44,,614504,4268024,,,16.314094,38.553281,
Serra,27,51,Abete Bianco,46,,614602,4268017,,,16.315217,38.553205,
Serra,27,52,Abete Rosso,48,,614544,4268092,,,16.314564,38.553888,
Serra,27,53,Abete Bianco,47,,614508,4268071,,,16.314148,38.553703,
Serra,27,54,Castagno,48,,614483,4268070,,,16.313861,38.553698,
Serra,27,55,Faggio,42,,614589,4268056,,,16.315074,38.553558,
Serra,27,56,Pino Laricio,44,,614460,4267937,,,16.313575,38.552502,
Serra,27,57,Abete Rosso,48,,614425,4267917,,,16.313170,38.552327,
Serra,27,58,Abete Bianco,50,,614508,4267736,,,16.314093,38.550685,
Serra,27,59,Faggio,52,,614491,4267805,,,16.313909,38.551309,
Serra,27,60,Castagno,50,,614444,4267836,,,16.313375,38.551594,
Serra,27,61,Abete Bianco,48,,614370,4267959,,,16.312546,38.552712,
Serra,27,62,Abete Bianco,46,,614342,4267986,,,16.312229,38.552959,
Serra,28,1,Abete Bianco,50,,615026,4267920,,,16.320066,38.552276,
Serra,28,2,Abete Bianco,50,,614963,4267921,,,16.319343,38.552293,
Serra,28,3,Abete Bianco,44,,615029,615029,,,16.038540,5.563271,Lat errato
Serra,28,4,Abete Bianco,48,,615085,4267948,,,16.320748,38.552521,Lat errato
Serra,28,5,Abete Bianco,62,,614975,614975,,,16.038052,5.562783,
Serra,28,6,Abete Bianco,50,,614977,4268031,,,16.319522,38.553283,
Serra,28,7,Castagno,38,,615062,4268067,,,16.320503,38.553596,
Serra,28,8,Faggio,44,,615061,4268006,,,16.320482,38.553046,
Serra,28,9,Castagno,32,,614684,4267709,,,16.316107,38.550419,
Serra,28,10,Abete Bianco,54,,614660,4267707,,,16.315832,38.550404,
Serra,28,11,Abete Bianco,55,,614729,4267706,,,16.316623,38.550386,
Serra,28,12,Abete Bianco,68,,614844,4267640,,,16.317932,38.549777,
Serra,28,13,Pino Laricio,60,,614906,4267723,,,16.318657,38.550517,
Serra,28,14,Abete Bianco,50,,614930,4267760,,,16.318938,38.550847,
Serra,28,15,Abete Bianco,56,,614762,4267814,,,16.317020,38.551355,
Serra,28,16,Faggio,48,,614696,4267784,,,16.316257,38.551093,
Serra,28,17,Faggio,36,,614677,4267843,,,16.316049,38.551628,
Serra,28,18,Abete Bianco,48,,614761,4267739,,,16.316996,38.550680,
Serra,28,19,Abete Bianco,44,,614741,4267860,,,16.316786,38.551772,
Serra,28,20,Castagno,35,,614765,4267861,,,16.317062,38.551778,
Serra,28,21,Abete Bianco,51,,614821,4267845,,,16.317702,38.551627,
Serra,28,22,Abete Bianco,47,,614980,4267784,,,16.319516,38.551057,
Serra,28,23,Abete Bianco,50,,614984,4267831,,,16.319569,38.551480,
Serra,28,24,Abete Rosso,48,,614925,4267876,,,16.318900,38.551893,
Serra,28,25,Abete Bianco,65,,614872,4267881,,,16.318293,38.551945,
Serra,28,26,Castagno,36,,614783,4267914,,,16.317277,38.552254,
Serra,28,27,Faggio,38,,614809,4267942,,,16.317580,38.552502,
Serra,28,28,Abete Rosso,44,,614786,4267961,,,16.317319,38.552677,
Serra,28,29,Faggio,55,,614757,4267928,,,16.316981,38.552383,
Serra,28,30,Abete Bianco,52,,614724,4267953,,,16.316606,38.552612,
Serra,28,31,Abete Bianco,60,,614722,4267925,,,16.316579,38.552360,
Serra,28,32,Abete Rosso,39,,614701,4267899,,,16.316334,38.552129,
Serra,28,33,Abete Bianco,50,,614608,4267821,,,16.315254,38.551438,
Serra,28,34,Abete Bianco,33,,614590,4267843,,,16.315051,38.551639,
Serra,28,35,Abete Bianco,48,,614652,4267905,,,16.315772,38.552189,
Serra,28,36,Pino Laricio,40,,614555,4267827,,,16.314647,38.551499,
Serra,29,1,Abete Bianco,51,,614679,4267195,,,16.315966,38.545789,
Serra,29,2,Abete Bianco,57,,614700,4267161,,,16.316201,38.545480,
Serra,29,3,Abete Bianco,45,,614696,4267107,,,16.316146,38.544994,
Serra,29,4,Faggio,53,,614700,4267052,,,16.316183,38.544498,
Serra,29,5,Faggio,50,,614702,4267015,,,16.316200,38.544164,
Serra,29,6,Abete Bianco,46,,614695,4266933,,,16.316106,38.543426,
Serra,29,7,Pino Laricio,58,,614740,4266975,,,16.316629,38.543799,
Serra,29,8,Pino Laricio,50,,614763,4267025,,,16.316901,38.544246,
Serra,29,9,Castagno,55,,614784,4267132,,,16.317160,38.545208,
Serra,29,10,Pino Laricio,58,,614844,4267080,,,16.317840,38.544732,
Serra,29,11,Pino Laricio,62,,614895,4267040,,,16.318418,38.544365,
Serra,29,12,Faggio,52,,614890,4267135,,,16.318376,38.545221,
Serra,29,13,Pino Laricio,68,,614854,4267203,,,16.317975,38.545838,
Serra,29,14,Abete Bianco,48,,614871,4267300,,,16.318186,38.546710,
Serra,29,15,Pino Laricio,51,,614881,4267399,,,16.318317,38.547601,
Serra,29,16,Faggio,49,,614874,4267467,,,16.318248,38.548214,
Serra,29,17,Abete Bianco,53,,614877,4267523,,,16.318291,38.548719,
Serra,29,18,Castagno,48,,614927,4267596,,,16.318877,38.549370,
Serra,29,19,Abete Bianco,48,,614967,4267651,,,16.319345,38.549860,
Serra,29,20,Abete Bianco,48,,614996,4267590,,,16.319667,38.549307,
Serra,29,21,Abete Bianco,49,,614951,4267508,,,16.319138,38.548574,
Serra,10b,1,Abete Bianco,64,,613884,4268575,,,16.307070,38.558325,
Serra,10b,2,Larice,49,,613872,4268575,,,16.306932,38.558326,
Serra,10b,3,Abete Bianco,46,,613855,4268572,,,16.306737,38.558301,
Serra,10b,4,Castagno,32,,613832,4268571,,,16.306473,38.558295,
Serra,10b,5,Castagno,32,,613757,4268585,,,16.305615,38.558431,
Serra,10b,6,Abete Bianco,36,,613745,4268586,,,16.305477,38.558441,
Serra,10b,7,Castagno,31,,613706,4268591,,,16.305030,38.558491,
Serra,10b,8,Castagno,32,,613655,4268607,,,16.304448,38.558642,
Serra,10b,9,Farnia,33,,613550,4268638,,,16.303248,38.558935,
Serra,10b,10,Castagno,34,,613547,4268650,,,16.303215,38.559043,
Serra,10b,11,Abete Bianco,25,,613595,4268652,,,16.303767,38.559055,
Serra,10b,12,Abete Rosso,52,,613648,4268663,,,16.304377,38.559148,
Serra,10b,13,Farnia,51,,613725,4268678,,,16.305263,38.559273,
Serra,10b,14,Farnia,46,,613804,4268703,,,16.306173,38.559488,
Serra,10b,15,Farnia,57,,613844,4268712,,,16.306634,38.559564,
Serra,10b,16,Abete Bianco,39,,613847,4268684,,,16.306663,38.559311,
Serra,10b,17,Castagno,29,,613883,4268665,,,16.307073,38.559136,
Serra,10b,18,Abete Bianco,43,,613895,4268658,,,16.307210,38.559071,
Serra,10b,19,Castagno,25,,613911,4268662,,,16.307394,38.559105,
Serra,10b,20,Farnia,51,,614021,4268690,,,16.308661,38.559343,
Serra,10b,21,Ciliegio,38,,614089,4268710,,,16.309445,38.559515,
Serra,10b,22,Castagno,21,,613623,4268763,,,16.304106,38.560052,
Serra,10b,23,Faggio,34,,613570,4268800,,,16.303504,38.560392,
Serra,10b,24,Abete Bianco,34,,613495,4268804,,,16.302644,38.560438,
Serra,10b,25,Abete Bianco,51,,613445,4268822,,,16.302073,38.560606,
Serra,10b,26,Abete Bianco,74,,613381,4268902,,,16.301352,38.561335,
Serra,10b,27,Abete Bianco,50,,613390,4268907,,,16.301456,38.561379,
Serra,10b,28,Faggio,35,,613602,4268863,,,16.303881,38.560955,
Serra,10b,29,Farnia,55,,613654,4268818,,,16.304471,38.560543,
Serra,10b,30,Farnia,40,,613657,4268827,,,16.304507,38.560624,
Serra,10b,31,Pino Laricio,82,,613677,4268880,,,16.304745,38.561099,
Serra,10b,32,Noce,31,,613708,4268924,,,16.305108,38.561491,
Serra,10b,33,Farnia,42,,613827,4268935,,,16.306475,38.561575,
Serra,10b,34,Farnia,31,,613851,4268932,,,16.306750,38.561545,
Serra,10b,35,Farnia,28,,613864,4268932,,,16.306899,38.561544,
Serra,10b,36,Farnia,34,,613887,4268929,,,16.307162,38.561514,
Serra,10b,37,Farnia,52,,614018,4268892,,,16.308660,38.561163,
Serra,10b,38,Farnia,48,,614027,4268891,,,16.308763,38.561153,
Serra,10b,39,Farnia,50,,614019,4268924,,,16.308676,38.561452,
Serra,10b,40,Farnia,55,,614012,4268964,,,16.308602,38.561813,
Serra,10b,41,Farnia,35,,614010,4268968,,,16.308580,38.561849,
Serra,10b,42,Farnia,62,,614004,4268971,,,16.308512,38.561877,
Serra,10b,43,Castagno,32,,613990,4268995,,,16.308355,38.562095,
Serra,10b,44,Abete Bianco,43,,613728,4268058,,,16.305196,38.553686,
Serra,10b,45,Farnia,77,,613713,4268088,,,16.305029,38.553959,
Serra,10b,46,Farnia,43,,613714,4268098,,,16.305042,38.554049,
Serra,10b,47,Farnia,49,,613713,4268103,,,16.305031,38.554094,
Serra,10b,48,Farnia,48,,613783,4268155,,,16.305843,38.554553,
Serra,10b,49,Abete Bianco,34,,613684,4268221,,,16.304718,38.555161,
Serra,10b,50,Abete Bianco,58,,613709,4268224,,,16.305005,38.555185,
Serra,10b,51,Castagno,37,,613751,4268239,,,16.305489,38.555314,
Serra,10b,52,Abete Bianco,51,,613841,4268247,,,16.306523,38.555375,
Serra,10b,53,Ontano,37,,613920,4268227,,,16.307426,38.555185,
Serra,10b,54,Abete Bianco,67,,613964,4268215,,,16.307929,38.555071,
Serra,10b,55,Castagno,27,,613979,4268205,,,16.308100,38.554979,
Serra,10b,56,Abete Bianco,71,,614033,4268157,,,16.308712,38.554539,
Serra,10b,57,Farnia,60,,614249,4268946,,,16.311319,38.561620,
Serra,10b,58,Farnia,32,,614275,4268872,,,16.311605,38.560950,
Serra,10b,59,Farnia,19,,614273,4268873,,,16.311583,38.560959,
Serra,10b,60,Farnia,40,,614256,4268871,,,16.311387,38.560944,
Serra,10b,61,Farnia,38,,614251,4268871,,,16.311330,38.560944,
Serra,10b,62,Farnia,55,,613996,4268770,,,16.308387,38.560067,
Serra,10b,63,Farnia,66,,613999,4268774,,,16.308422,38.560103,
Serra,10b,64,Douglas,55,,613684,4268221,,,16.304718,38.555161,
Serra,10b,65,Abete Bianco,69,,613709,4268224,,,16.305005,38.555185,
Serra,10b,66,Douglas,60,,613751,4268239,,,16.305489,38.555314,
